スポット名,電話番号,URL,カナ,メインジャンル名,サブジャンル名,エリア名,本文,ic:住所_表記,住所2,ic:定型住所_区,郵便番号,緯度,経度,電話番号,営業時間,URL,アクセス,定休日,料金,駐車場,バリアフリー対応（観光）
神戸映画資料館,078-754-8039,http://www.kobe-eiga.net/,コウベエイガシリョウカン,アート・カルチャー,歴史,兵庫（新開地）・新長田・長田,神戸映画資料館では、映写機、ポスター、懐かしい雑誌、専門書などなど、映画に関するあらゆる資料のコレクションを見ることができます。また、併設のミニシアターではほぼ毎週末に上映会が開催され、懐かしい名画から最新のドキュメンタリーまで楽しめます。,神戸市長田区腕塚町5-5-1-201,アスタくにづか1番館北棟2F,長田区,653-0036,34.654366,135.146227,078-754-8039,金～火 10:30～18:00,http://www.kobe-eiga.net/,JR 新長田駅から南へ徒歩5分,水 / 木,閲覧室:会員制 / 正会員(1年間)￥1500 / 1day(1日)￥100,近隣に駐車場あり,車椅子入場可<>エレベーターあり<>盲導犬入場OK<>介助犬入場OK
神戸酒心館,078-841-1121,http://www.shushinkan.co.jp,コウベシュシンカン,酒蔵,体験・見学・クラフト,灘・東灘,創業1751年。清酒「福寿」の蔵元・神戸酒心館では、手造りによる蔵出しのお酒を、きき酒のうえ購入できます。また、手造りの豆富や自家製そばが味わえる蔵の料亭「さかばやし」、コンサートや落語などの催しを行う「神戸酒心館ホール」も併設され、文化的な時をゆっくり過ごすのにぴったり。旬のお酒を愛でながら四季折々の花を楽しめる庭もあり、海外からのお客様にもおすすめです。(英語対応も可),神戸市東灘区御影塚町1-8-17,,東灘区,658-0044,34.709759,135.248512,078-841-1121,【販売店舗・東明蔵】10:00～18:00 / 【蔵の料亭・さかばやし】昼 11:30～14:00(L.O).、夜 17:30～21:00(L.O),http://www.shushinkan.co.jp,阪神 石屋川駅から南西に徒歩 約8分,東明蔵は年始のみ(1/1、1/2、1/3)　さかばやしは(12/31、1/1、1/2、1/3),無料,無料専用駐車場あり,車椅子入場可<>バリアフリートイレ<>車椅子利用可能トイレ
神戸市立小磯記念美術館　　,078-857-5880,http://www.city.kobe.lg.jp/koisomuseum/,コウベシリツ コイソキネンビジュツカン,アート・カルチャー,,ポートアイランド・六甲アイランド,神戸に生まれ、生涯を通して神戸を制作の拠点とした洋画家・小磯良平の作品を展示する美術館。油彩・素描・版画など約2800点を入れ替え展示し、作品の解説を行うハイビジョンギャラリーも設置。小磯芸術を心ゆくまで楽しむことができます。また、美術館の中庭には小磯良平が40年間使ったアトリエを移築、復元しています。,神戸市東灘区向洋町中5-7,,東灘区,658-0032,34.692814,135.267214,078-857-5880,10:00～17:00 / 特別展開催中の金曜　10:00～18:00,http://www.city.kobe.lg.jp/koisomuseum/,JR 住吉駅または阪神 魚崎駅で乗換え、六甲ライナー「アイランド北口駅」下車、西へ徒歩すぐ,月(月が祝休日の時はその翌日),小・中生　￥100 / 高・大生　￥150 / 大人　￥200　※特別展は別料金,近隣に駐車場あり,エレベーターあり<>バリアフリートイレ<>車椅子入場可<>車椅子利用可能トイレ
有馬玩具博物館,078-903-6971,http://www.arima-toys.jp,アリマガングハクブツカン,体験・見学・クラフト,アート・カルチャー,有馬（温泉）,有馬玩具博物館には、豊かな発想とデザイン性に優れた良質なおもちゃが、国内外から集められています。約4000点のコレクションを、3階から6階までの展示室でテーマごとに紹介。5階のプレイスペースでは、木のおもちゃやゲームを実際に触って遊ぶことができます。博物館は、入館当日に限り終日出入りが自由です。気に入ったおもちゃを見つけたら、何度でも楽しんでいただけます。,神戸市北区有馬町797,,北区,651-1401,34.797044,135.247876,078-903-6971,9:30～18:00(最終入館17:30),http://www.arima-toys.jp,神戸電鉄 有馬温泉駅から徒歩5分,不定休(お問い合わせください),大人(中学生以上)￥800 / 小人(3歳～12歳)￥500 / 3歳未満 無料,近隣に駐車場あり,車椅子利用可能トイレ<>車椅子入場可<>エレベーターあり
神戸どうぶつ王国,078-302-8899,http://www.kobe-oukoku.com/,コウベドウブツオウコク,体験・見学・クラフト,自然・生き物・アウトドア,ポートアイランド・六甲アイランド,花と動物と人とのふれあい共生パーク。熱帯性のスイレンや、ベゴニアなどのハンギングフラワーが皆さんをお出迎え。珍しい鳥たちやカピバラ、アルパカなどの動物たちとふれあいも楽しめる。迫力感動のバードパフォーマンスショーも大人気。園内は全天候型で、雨の日でも安心。また、バリアフリーに配慮したフラットな地形で、障がい者対応トイレ（だれでもトイレ）も完備。家族や友達みんなで楽しめるスポットです。2015年4月25日初の屋外エリア「アウトサイドパーク」がオープン。解放感満点の屋外でドッグパフォーマンスショーがご覧いただけます。,神戸市中央区港島南町7-1-9,,中央区,650-0047,34.653806,135.222943,078-302-8899,平日10:00～17:00(入園締切16:30)土日祝日9:30～17:30(入園締切17:00),http://www.kamoltd.co.jp/kobe/,京コンピュータ前（神戸どうぶつ王国）駅下車すぐ / 阪神高速・京橋ICから神戸空港方面へ約15分,木曜日  (但し春休み、GW、夏休み、年末年始は休まず営業),大人 ￥1500 / 小人(小学生)￥800 / シルバー(65歳以上)￥1100 / 幼児（4歳・5歳）300円,有料専用駐車場あり,エレベーターあり<>車椅子入場可<>バリアフリートイレ<>車椅子利用可能トイレ
神戸フルーツ・フラワーパーク,078-954-1010,http://fruit-flowerpark.jp/,コウベフルーツ・フラワーパーク,体験・見学・クラフト,神社・仏閣・庭園,北神戸,神戸フルーツ・フラワーパークは北神戸の豊かな自然の中で中世ヨーロッパのルネッサンス様式の美しい建物や庭園を中心に数多くの施設が点在する「花と果実のテーマパーク」です。四季折々の花が咲き、夏から秋にかけてフルーツ狩りも楽しむことができます。園内には遊園地やバーベキュー場、源泉かけ流し(加温)天然温泉、ホテルなどがありますので家族でゆっくり自然を楽しみたい方にはおすすめです。,神戸市北区大沢町上大沢2150,,北区,651-1522,34.845774,135.191766,078-954-1000,9:00～17:00 ※施設により異なる,http://fruitflowerpark.web.fc2.com/,車:六甲北有料道路「大沢IC」よりすぐ,年中無休　※施設により異なる,無料,有料専用駐車場あり,エレベーターあり<>車椅子利用可能トイレ<>車椅子入場可<>盲導犬入場OK<>介助犬入場OK
神戸市水の科学博物館,078-351-4488,http://www.kobe-mizuhaku.org/,コウベシ ミズノカガクハクブツカン,体験・見学・クラフト,,北野・新神戸（市街地北部）,神戸市水の科学博物館は水をテーマにした博物館。3Dシアターの映像や水を使った理科の実験見学のほか、水について楽しく遊びながら学習できる展示物があります。建物はドイツルネッサンス風の重厚かつ優美な外観で、建築史上価値ある建物として高く評価されています。周辺は桜の名所としても有名です。,神戸市兵庫区楠谷町37-1,,中央区,652-0004,34.693349,135.175132,078-351-4488,火～日　9:30～16:30,http://www.kobe-mizuhaku.org/,各線 三宮駅または神戸駅から市バス(7)系統「楠谷町」下車北へすぐ,月(月が休日の場合が翌日)　,大人 ￥200 / 小人(6才以上～18才未満)￥100,駐車場なし（ただし、身体障害者用駐車場は2台あり。バス駐車可（要予約））,エレベーターあり<>バリアフリートイレ<>車椅子利用可能トイレ<>盲導犬入場OK<>介助犬入場OK<>車椅子入場可
灘浜サイエンススクエア,078-882-8136,http://www.kobelco.co.jp/nadahama/science/,ナダハマ サイエンススクエア,体験・見学・クラフト,自然・生き物・アウトドア,灘・東灘,灘浜サイエンススクエアは、遊びながら科学や技術の不思議が体感できる学習施設です。製鉄・発電・エネルギー・環境をテーマにした館内約30点の展示には、解説や使い方の説明がほどんどないのが特徴。製鉄と発電のプロセスがバーチャル体験できるアトラクション「ライドシアター」も大人気です!(要現地予約/身長制限あり) 毎週土日・祝日の14:00からは「ものしりひろばの実験屋台」にて科学実験の実演も楽しめます。,神戸市灘区灘浜東町2,,灘区,657-0863,34.702115,135.236584,078-882-8136,9:30～16:30（入館は16:00まで）,http://www.kobelco.co.jp/nadahama/science/,阪神 大石駅から南へ徒歩約12分,月(祝日の場合は翌平日),無料,無料専用駐車場あり,車椅子利用可能トイレ<>車椅子入場可<>エレベーターあり<>盲導犬入場OK<>介助犬入場OK
橋の科学館,078-784-3339,http://www.hashinokagakukan.jp/,ハシノカガクカン,体験・見学・クラフト,,須磨・垂水・舞子,橋の科学館では、明石海峡大橋をはじめとする本州四国架橋の建設に使われた最高水準の橋梁架橋技術を一堂に集め、わかりやすく紹介したサイエンスミュージアムです。3D立体映像シアターでは、最高水準の技術を迫力の3D映像で放映。くつろぎのスペースでは、雄大な明石海峡大橋や淡路島の景色をゆったりと眺めることができます。,神戸市垂水区東舞子町4-114,,垂水区,655-0047,34.631623,135.032673,078-784-3339,9:15～17:00 / 【7/20～8/31】9:15～18:00 / 【12/1～2/28】9:15～16:30　※最終入館 閉館30分前 ※ゴールデンウィーク、7/20～8/31は無休,http://www.hashinokagakukan.jp/,JR 舞子駅・山陽 舞子公園駅下車、徒歩約5分,毎週月曜日（祝日の場合は翌日）,大人 ￥310 / 小・中学生 ￥150 / 団体20名以上 大人 ￥270 / 小・中学生 ￥130,近隣に駐車場あり,車椅子利用可能トイレ<>車椅子入場可
切手文化博物館,078-904-0024,http://www.kitte-museum-arima.jp/,キッテブンカハクブツカン,歴史,,有馬（温泉）,切手文化博物館は、郵便創業時から現代まで140余年の間に発行された普通切手・記念切手等を網羅した、切手の常設博物館です。日本最初の切手「龍文切手」や、日本切手の中で最も貴重な「手彫切手」、明治時代に実際の郵便作業に用いられた品々など、ユニークなコレクションの数々を展示。期間限定の特別展も随時開催され、江戸時代の趣ある「土蔵造り」の館内で、切手や郵便文化の奥深い魅力を楽しめます。,神戸市北区有馬町663-3,,北区,651-1401,34.798766,135.250943,078-904-0024,10:00～16:00　(入館は15:30まで),http://www.kitte-museum-arima.jp/,神戸電鉄 有馬温泉駅より徒歩15分  / 阪急バス「有馬温泉」停留所より徒歩10分,火(祝日の場合は翌日),大人 ￥500 / 中・高生 ￥200 / 小学生以下 無料,無料専用駐車場あり,車椅子利用可能トイレ<>車椅子入場可
KOBEとんぼ玉ミュージアム,078-393-8500,http://www.lampwork-museum.com,コウベトンボダマミュージアム,アート・カルチャー,体験・見学・クラフト,三宮・元町,KOBEとんぼ玉ミュージアムは、穴の開いたガラス玉「とんぼ玉」を中心に、古代～現代のランプワーク技法によるガラス工芸を展示するミュージアムです。作家やスタッフのデモンストレーション、ランプワーク技法によるとんぼ玉制作など体験メニューも充実で、思い出に残るお土産にもぴったり。「観る」「学ぶ」「創る」「買う」の楽しさに満ちあふれた、体験観光型ミュージアムです。,神戸市中央区京町79,日本ビルヂング　2F,中央区,650-0021,34.688619,135.193739,078-393-8500,10:00～19:00,http://www.lampwork-museum.com,各線 三宮・元町駅から徒歩8分,なし,大人 ￥400 / 小・中学生 ￥200,近隣に駐車場あり,車椅子入場可
神戸市立相楽園,078-351-5155,http://www.sorakuen.com,コウベシリツ ソウラクエン,神社・仏閣・庭園,歴史,北野・新神戸（市街地北部）,相楽園は、小寺泰次郎氏の本邸に営まれた庭園で、明治18年頃から築造に着手し、明治末期に完成したものです。昭和16年から神戸市の所有となり、一般に公開されるようになりました。飛石や石橋を渡る池泉回遊式(ちせんかいゆうしき)の日本庭園は、まさに深山幽谷の景。蘇鉄園や樹齢500余年の大クスノキ、春に咲き乱れるツツジと秋の紅葉も見事です。重厚な正門と欧風建築が印象的な旧小寺家厩舎、船屋形、旧ハッサム住宅(いずれも重要文化財)のほか、茶室が庭園の景観と調和しています。,神戸市中央区中山手通5-3-1,,中央区,650-0004,34.692724,135.181154,078-351-5155,金～水　9:00～17:00　(最終入園時間は16:30),http://www.sorakuen.com,地下鉄山手線 県庁前駅下車、北へ徒歩5分,木(祝祭日開園、翌日休園),大人(15歳以上)￥300 / 小人(小学生・中学生)￥150 / 団体割引 15～99人 1割引、100～299人 2割引、300人以上 3割引,駐車場なし,介助犬入場OK<>盲導犬入場OK
竹中大工道具館,078-242-0216,http://dougukan.jp/,タケナカダイクドウグカン,歴史,アート・カルチャー,北野・新神戸（市街地北部）,竹中大工道具館は日本で唯一の大工道具の専門博物館です。「人と自然をつなぐ、伝統と革新をつなぐ」をテーマに、2014年10月、新神戸駅前への移転、オープンしました。これまで収集した3万点余りの中から選りすぐった約1千点の大工道具のほか、吹き抜け空間に7メートルを超える高さでそびえたつ原寸大の唐招提寺金堂の柱と組み物、数寄屋の繊細な仕事が見えるスケルトン茶室など、現代の匠たちの手によって最高の職人技を詰め込んだ特別な模型を展示しています。また、「宮大工がいる博物館」というユニークな特色を生かし、新たに設けた木工室ではプロの技を間近に体感できるプログラムもご用意しています。,神戸市中央区熊内町7-5-1,,中央区,651-0056,34.706908,135.197532,078-242-0216,火～日　9:30～16:30（入館は16:00まで）,http://dougukan.jp/,山陽新幹線新神戸駅（中央改札口）から徒歩3分、市営地下鉄新神戸駅北出口2から徒歩3分,月(祝日の場合は翌平日),一般￥500 / 大高生￥300 / 小中生以下無料,無料専用駐車場あり,バリアフリートイレ<>エレベーターあり<>車椅子入場可
神戸市立須磨海浜水族園,078-731-7301,http://sumasui.jp/,コウベシリツ スマカイヒンスイゾクエン,自然・生き物・アウトドア,体験・見学・クラフト,須磨・垂水・舞子,"1957年に開園された神戸市立須磨海浜水族園は、神戸市民に愛される水族館です。バンドウイルカたちが華麗な技を披露する「イルカライブ」、サメ・エイなどがゆうゆうと泳ぐ「大水槽」、世界最大級の淡水魚ピラルクが見られる「アマゾン館」など、わくわく楽しい見所が盛りだくさん! 
ラッコのお食事タイムを解説つきで実演する「ラッコのお食事ライブ」など、大人から子供まで楽しめるアトラクションがいっぱい。ふれあいプログラムも充実しており、「イルカにタッチ」「アザラシにタッチ」では、実際に動物たちに触れることができます（有料／人数限定）。2015年春には、新たに触れ合いエリアがリニューアル。生き物たちと距離感ゼロの世界がパワーアップ！",神戸市須磨区若宮町1-3-5,,須磨区,654-0049,34.643764,135.128029,078-731-7301,9:00～17:00(GW、夏休みは ～20:00),http://sumasui.jp/,JR 須磨海浜公園から南へ徒歩約5分 / 山陽 月見山駅から南へ徒歩約10分,3～11月 無休、12～2月 水曜　ただし年末年始、祝日は開園,大人(18歳以上)￥1300 / 中人(15～17歳)￥800 / 小人(小・中学生)￥500 / 乳幼児 無料,近隣に駐車場あり（有料）,介助犬入場OK<>盲導犬入場OK<>エレベーターあり<>車椅子利用可能トイレ<>バリアフリートイレ<>車椅子入場可
風見鶏の館,078-242-3223,http://www.kobe-kazamidori.com/,カザミドリノヤカタ,異人館,,北野・新神戸,風見鶏の館(旧トーマス住宅)は、明治42年(1909年)頃にドイツ人貿易商ゴッドフリート・トーマス氏の自邸として建てられました。建物の設計に当ったのは、ドイツ人の建築家ゲオルグ・デ・ラランデ。レンガの外壁と尖塔の風見鶏は、北野異人館のシンボルとして人々に愛されています。昭和58年12月より昭和60年3月にかけて本格的な保存修理を行い、復原できる箇所は可能な限り元の姿に戻しています。現在は国の重要文化財に指定されています。,神戸市中央区北野町3-13-3,,中央区,650-0002,34.701396,135.189475,078-242-3223,9:00～18:00,http://www.kobe-kazamidori.com/,各線 三宮駅より徒歩15分 / 新幹線・地下鉄山手線 新神戸駅より徒歩15分,6月・2月の第1火(祝日の場合は翌日休),一般￥500 (高校生以下、65歳以上の神戸市民、障がい者等は無料) / 団体(30名以上)￥400 /萌黄の館との2館共通券 ￥650,近隣に有料駐車場あり,その他
ラインの館,078-222-3403,http://www.kobe-kazamidori.com/,ラインノヤカタ,異人館,,北野・新神戸,大正4年(1915年)に建築されたラインの館。木造2階建下見板張りオイルペンキ塗りの建物は、開放されたベランダやベイ・ウィンドなど、明治時代のいわゆる異人館の様式をそのまま受け継いでいます。昭和53年の一般公開の際に愛称を公募した結果「ラインの館」となりました。1階に休憩室・展示室・土産物コーナーを設置し、2階では北野異人館街の歴史や震災関係の展示を行っています。,神戸市中央区北野町2-10-24,,中央区,650-0002,34.701126,135.191206,078-222-3403,9:00～18:00,http://www.kobe-kazamidori.com/,各線 三宮駅より徒歩15分 / 新幹線・地下鉄山手線 新神戸駅より徒歩10分,6月・2月の第3木(祝日の場合は翌日休),無料,近隣に有料駐車場あり,その他
キリンビール神戸工場,078-986-8001,http://www.kirin.co.jp/entertainment/factory/kobe,キリンビールコウベコウジョウ,体験・見学・クラフト,自然・生き物・アウトドア,北神戸,キリンビール神戸工場では、ブルワリーツアーガイドの案内でビールの製造工程が楽しく学べます。工場見学のあとは、できたてビールの試飲をどうぞ!(見学は事前予約制、必ずHP又はお電話でご予約ください)隣接する「丘の上のビアレストラン」では、樽生ビールにぴったりな、地元食材を使用した味わいグルメも楽しめます。また、キリンビール神戸工場では環境への取り組みにも力を入れ、野性の動植物たちの一時的な避難場所となる「ビオトープ」を整備しています。カワバタモロコなど絶滅危惧種の保護・育成に取り組み、環境ツアーなども随時開催しています。,神戸市北区赤松台2-1-1,,北区,651-1516,34.878524,135.17855,078-986-8001,9:20～17:00 (工場見学:毎時00分/ 10分/ 30分/ 40分/ 最終ツアー15:40～),http://www.kirin.co.jp/beerpark-kobe,JR・神鉄 三田駅から缶型ラガーバスで20分  / 神戸三田ICより車で約4分,月(但し祝日の場合は開館),無料,無料専用駐車場あり,バリアフリートイレ<>エレベーターあり<>介助犬入場OK<>盲導犬入場OK<>車椅子利用可能トイレ
生田神社,078-321-3851,http://www.ikutajinja.or.jp,イクタジンジャ,神社・仏閣・庭園,文化,三宮・元町,生田神社は1800年以上の歴史を有する古社。生田の神を守る家、神戸(かんべ)が由来となって神戸という地名が生まれました。生田は元々は活田であり、活き活きとした生命力溢れる場所という意味です。近年はアスリートやアーティストの参拝も多く、神戸中心市街地に位置することから訪れる参拝客も多数です。,神戸市中央区下山手通1-2-1,,中央区,650-0011,34.694796,135.190706,078-321-3851,7:00～日没,http://www.ikutajinja.or.jp,各線 三宮駅より北西へ徒歩5～10分,なし,なし,有料専用駐車場あり,車椅子利用可能トイレ<>盲導犬入場OK<>介助犬入場OK<>車椅子入場可
神戸ポートタワー,078-391-6751,http://www.kobe-meriken.or.jp/port-tower/,コウベポートタワー,みなと・海,夜景・展望,メリケンパーク・ハーバーランド,神戸のランドマーク神戸ポートタワーは、2013年11月に50周年を迎え、国の登録有形文化財に登録されました。最上階の展望室からは神戸港と市街地、六甲山系の大パノラマが望め、夜には1千万ドルの夜景が眼下に広がります。展望3階には20分で360度回転する喫茶店、また展望5階の天井には光ファイバーによる四季の星座も楽しめます。周辺の神戸港の散策とあわせてお楽しみください。,神戸市中央区波止場町5-5,,中央区,650-0042,34.682623,135.186726,078-391-6751,9:00～21:00/12月～2月末　9:00～19:00　※最終入場はいずれも終了の30分前まで,http://www.kobe-meriken.or.jp/port-tower/,各線 元町駅より徒歩約15分 / 地下鉄海岸線 みなと元町駅より徒歩約5分,年中無休,小・中学生 ￥300 / 大人(高校生以上) ￥700,なし（近隣に駐車場あり）,バリアフリートイレ<>車椅子利用可能トイレ<>エレベーターあり<>車椅子入場可<>その他<>点字案内あり<>介助犬入場OK<>盲導犬入場OK
世良美術館,078-822-6456,http://www.osk.3web.ne.jp/~amon4696,セラビジュツカン,アート・カルチャー,文化,灘・東灘,世良美術館は、世良臣絵(せらとみえ)が個人資産で設立した民間文化施設です。「女性がほっとできる空間」をコンセプトにした館内に、世良臣絵の作品や彼女が師事した小磯良平の水彩作品などを常設展示しています。自然光があふれるレンタルスペースは、サロンコンサートやギャラリースペースとしても利用可能。日常空間を忘れて、文化的な時をゆったりと過ごすことができます。,神戸市東灘区御影2-5-21,,東灘区,658-0047,34.723147,135.252317,078-822-6456,10:00～17:00(入館は16:30迄),http://www.osk.3web.ne.jp/~amon4696,阪急 御影駅より南へ徒歩3分,月 / 火 / コンサート日 臨時休館あり,一般￥500 / 学生￥300 / シニア(65歳～)￥400,無料専用駐車場あり（2台）,盲導犬入場OK<>介助犬入場OK<>バリアフリートイレ<>車椅子利用可能トイレ<>車椅子入場可
白鶴美術館,078-851-6001,http://www.hakutsuru-museum.org,ハクツルビジュツカン,アート・カルチャー,文化,灘・東灘,昭和9年に開館した白鶴美術館は、白鶴酒造7代嘉納治兵衛が開設した老舗の私立美術館。国宝2件、重要文化財22件を含む約1450点の作品を所蔵しています。東洋の宮殿を思わせる本館では、中国古代青銅器、銀器、鏡や陶磁器など世界的な一級品を中心に展示。モダンな新館には約60点ものオリエント絨毯が展示され、エキゾチックな雰囲気を楽しむことができます。 昭和の名建築でもある本館は、六甲山麓の緑や紅葉とのコントラストも見事。近隣からは、東神戸の街並みと大阪湾の眺望も楽しめます。,神戸市東灘区住吉山手6-1-1,,東灘区,658-0063,34.730876,135.258014,078-851-6001,火～日　10:00～16:30,http://www.hakutsuru-museum.org,阪急 御影駅から北東へ徒歩約15分 / 阪神 御影・JR 住吉駅から市バス38系統渦森台行、「白鶴美術館前」下車,月(月が祝日と重なる場合は翌日),小・中学生 ￥250 / 高・大学生 ￥500 / 大人 ￥800,無料専用駐車場あり,
マリンピア神戸 さかなの学校,078-706-5550,http://www.marinpia.com,マリンピアコウベ サカナノガッコウ,体験・見学・クラフト,,須磨・垂水・舞子,マリンピア神戸さかなの学校では、神戸を中心とした漁業を広く紹介し、漁業への親しみや理解を深める様々なイベントを実施しています。塩分を濃くした海水を土鍋で煮詰め、ミネラルたっぷりの塩を作る「塩づくり体験」や、神戸の海で養殖した新鮮な海苔を手すきして作る「乾のりづくり体験」(季節限定)、季節にあわせた工作をする「ものづくり体験」など、お子さまや家族みんなで楽しめるユニークな体験教室がいっぱい。手作りした塩や海苔は持ち帰ることができるので、お土産にもぴったりです。,神戸市垂水区海岸通12-4,,垂水区,655-0036,34.624847,135.048189,078-706-5550,10:00～17:00(ただし入館は16:30まで),http://www.marinpia.com,JR 垂水駅・山陽電車 垂水駅より南西へ約1km(徒歩約10分),水(祝日と重なる場合は翌日),入館無料,近隣に駐車場あり,車椅子入場可<>車椅子利用可能トイレ<>バリアフリートイレ
萌黄の館,078-222-3310,http://www.city.kobe.lg.jp/culture/culture/institution/foreigner/sub3.html,モエギノヤカタ,異人館,,北野・新神戸,萌黄の館は、明治36年(1903)にアメリカ総領事の邸宅として建築され、昭和55年(1980)に国の重要文化財に指定されました。木造2階建て、下見板張りの異人館で、2つの異なった形のベイ・ウィンドー(張り出し窓)が特徴です。アラベスク風模様が施された階段・重厚なマントルピースなど贅沢な意匠が随所にみられ、2階のベランダからは神戸港まで見渡せる素晴らしい眺望が広がっています。,神戸市中央区北野町3-10-11,,中央区,652-0002,34.700979,135.189256,078-222-3310,9:00～18:00,http://www.feel-kobe.jp/sightseeing/spot/?sid=94,新幹線・地下鉄西神山手線 新神戸駅より徒歩15分 / 各線 三宮駅から徒歩15分,２月の第３水曜日・第３木曜日,大人単館券￥350 / 大人2館券￥650(萌黄の館、風見鶏の館) / 高校生以下、無料,近隣に駐車場あり,車椅子入場可(館内用車イス有)
UCCコーヒー博物館,078-302-8880,http://www.ucc.co.jp/museum/,ユーシーシーコーヒーハクブツカン,文化,歴史,ポートアイランド・六甲アイランド,"ポートアイランドにあるUCCコーヒー博物館は、日本で唯一のコーヒー専門博物館です。展示室では、コーヒーの起源、栽培、流通、加工、文化などを映像やパネルでご紹介。特別展示室では懐かしいUCCの企業CMも見ることができ、館内を見学後にコンピュータのクイズに挑戦すると、顔写真入りのコーヒー博士認定証が貰えます! 
館内には、世界のコーヒーが楽しめる喫茶室(別料金)や、ここでしか手に入らないオリジナルグッズを揃えたミュージアムショップも併設。2種類のコーヒーを試飲できるティスティングコーナー、世界で一つのオリジナルローストが作れる焙煎体験（別料金・要予約）は1日12名限定で開催。",神戸市中央区港島中町6-6-2,,中央区,650-0046,34.665264,135.216871,078-302-8880,10:00～17:00(入館は16:30まで),http://www.ucc.co.jp/museum/,ポートライナー三宮駅から「北埠頭行き」に乗車後、「南公園駅」下車、徒歩1分,月(祝日の場合は翌日）、年末年始,"大人(高校生以上) 300円 / 団体(20名以上) 240円
シニア(65歳以上) 150円 / 中学生以下 無料

障がい者(介添人1名まで同額) 150円
* シニア・障がい者の方は証明できるものをご提示ください。",近隣に駐車場あり（有料）,車椅子入場可<>バリアフリートイレ<>盲導犬入場OK<>介助犬入場OK<>その他
神戸市埋蔵文化財センター,078-992-0656,http://www.city.kobe.lg.jp/culture/culture/institution/center/,コウベシマイゾウブンカザイセンター,歴史,体験・見学・クラフト,西神戸,"神戸市内には、五色塚古墳、大歳山遺跡などの学術上著名な遺跡が数多くあります。神戸市埋蔵文化財センターでは「よみがえる神戸の歴史」をテーマに、市内各所の遺跡で出土した遺物の調査・整理・収蔵を行っています。 
常設展示室では、旧石器時代から中世に至るまでのさまざまな出土品を展示。収蔵スペースも展示公開されており、出土した資料を見学しながら神戸の歴史を身近に感じることができます。また、縄文土器作りや勾玉作りなどの親子で学べる体験講座や、年数回の企画展も開催しています。",神戸市西区糀台6-1,西神中央公園内,西区,651-2273,34.714925,135.017873,078-992-0656,火～日 10:00～17:00,http://www.city.kobe.lg.jp/culture/culture/institution/center/,地下鉄西神山手線 西神中央駅から南へ徒歩8分,月,無料,近隣に駐車場あり（有料）,バリアフリートイレ<>エレベーターあり<>点字案内あり<>車椅子利用可能トイレ<>車椅子入場可
神戸市立須磨離宮公園,078-732-6688,http://www.kobe-park.or.jp/rikyu/,コウベシリツ スマリキュウコウエン,自然・生き物・アウトドア,神社・仏閣・庭園,須磨・垂水・舞子,"大阪湾が一望できる開放的で花と緑いっぱいの欧風噴水庭園には、「王侯貴族のバラ園」があり、春秋に約180種4,000株のバラが咲き誇るのをはじめ、ボタンやハナショウブから紅葉・梅と四季を通じて楽しめる総合公園。この公園は、皇室の別荘「武庫離宮」の跡に造られ、当時の面影を残し、平成26年12月で造営100年を迎えました。海の冒険物語「宝島」を題材に28基の遊具で構成されたフィールドアスレチック「子供の森」も一部リニュアルして、子供から大人までお楽しみいただけます。",神戸市須磨区東須磨1-1,,須磨区,654-0018,34.655138,135.127531,078-732-6688,"9:00～17:00(入園は16:30まで) / 5月の土・日・祝休日は9:00～19:00(入園は18:30まで)、7,8月の土・日・祝日は9:00から20:00まで（入園は19:30まで）  / ※イベントによって夜間開園あり",http://www.kobe-park.or.jp/rikyu/,山陽 月見山駅、または須磨寺駅から徒歩10分 / JR・山陽電鉄須磨駅から市バス75系統で10分,木(祝日の場合は翌日),小・中学生 ￥200 / 大人 ￥400,有料専用駐車場あり,盲導犬入場OK<>介助犬入場OK<>バリアフリートイレ<>車椅子利用可能トイレ<>車椅子入場可
神戸市立平磯海づり公園,078-753-4873,http://www.umiduri.com/,コウベシリツ ヒライソウミヅリコウエン,スポーツ・レクリエーション,自然・生き物・アウトドア,須磨・垂水・舞子,"神戸市立平磯海づり公園は、どなたでも気軽に、安心して釣りが楽しめるフィッシングスポットです。園内には身障者用トイレ・優先釣り場・スロープなどを完備し、全長1,400mに及ぶ釣台からは、ダイナミックな明石海峡大橋の眺望が楽しめます。 軽食堂は解放的なテラス付き、メニューは釣り場までのテイクアウトもOKです。釣り具や釣り餌の買える売店(釣り方のアドバイスも聞けます)、お土産用の活魚販売所、利用者用の屋外バーベキュー場もあり、家族みんなでフィッシング三昧の一日が楽しめます。",神戸市垂水区平磯1-1-66,,垂水区,655-0892,34.626691,135.064071,078-753-3973,4月・11月6:00～18:00/ 5月平日6:00～18:00、土日祝6:00～19:30/6月平日6:00～18:00、土日祝6:00～20:00/7月～9月平日6:00～19:00、土日祝6:00～20:00/10月6:00～19:00/12月～3月7:00～17:00,http://www.umiduri.com/,阪神・山陽 東垂水駅下車 南へ徒歩約3分 / JR 垂水駅 下車東へ徒歩約12分,木(ただし祝日は開園)、7/21～8/31は無休,基本釣り料（4時間）:大人（16歳以上）￥1000、小人（6～15歳）￥600 / 入園料（見学の方）:大人￥200、小人￥100,有料専用駐車場あり,バリアフリートイレ<>介助犬入場OK<>盲導犬入場OK<>車椅子利用可能トイレ<>車椅子入場可
神戸ゆかりの美術館,078-858-1520,http://www.city.kobe.lg.jp/yukarimuseum/,コウベユカリノビジュツカン,アート・カルチャー,体験・見学・クラフト,ポートアイランド・六甲アイランド,"魅力あふれるKOBEに惹かれ、多くの芸術家がこの街に集い、内外の芸術界に大きな功績を残しました。神戸ゆかりの美術館では、現在活躍中の作家も含め、神戸で育まれたARTを広く紹介しています。 
隔週日曜日には、学芸員による作品解説を交えた対話型のギャラリートークを開催。参加者が自由に意見を交換し、楽しみながら作品への理解を深めることができます。",神戸市東灘区向洋町中2-9-1,,東灘区,658-0032,34.688345,135.270644,078-858-1520,10:00～18:00 (入館は17:30まで),http://www.city.kobe.lg.jp/yukarimuseum/,六甲ライナー アイランドセンター駅下車南東すぐ,水(祝日の場合はその翌日),一般￥200(￥150) / 小中高生・65歳以上￥100(￥50) / ※( )内30名以上の団体割引料金 / のびのびパスポート持参無料 /特別展開催時は別料金となります。,近隣に駐車場あり,エレベーターあり<>バリアフリートイレ<>車椅子入場可
神戸シーバス　ファンタジー号,0120-370-764,http://www.kobe-seabus.com,コウベシーバス ファンタジーゴウ,みなと・海,夜景・展望,メリケンパーク・ハーバーランド,みなとまち神戸のおしゃれな船上カフェ。ファンタジー号では、おいしいコーヒーを飲みながら海から見る神戸の街並みや、明石海峡大橋の遠望、潜水艦や大型船の建造風景がお楽しみいただけます。また、タイミングが良ければ飛行機の離発着風景や、豪華客船の入港風景などもご覧いただけます。みなとまち神戸で思い出に残る、45分間の贅沢なひとときをお楽しみください。,神戸市中央区波止場町7-1,中突堤中央ターミナル,中央区,650-0042,34.682528,135.185023,0120-370-764,10:00～17:00(毎時00分発) 10:00、12:00、17:00便は臨時便（要問合せ）,http://www.kobe-seabus.com,各線 元町駅・JR神戸駅より徒歩約15分 / シティーループ「中突堤」下車すぐ / 市営地下鉄海岸線みなと元町駅徒歩7分,不定休※ドック休港有り,大人￥1200 / 小人￥600 / シルバー・中高生￥1000,無し（近隣に有料駐車場あり）,車椅子入場可<>盲導犬入場OK<>介助犬入場OK
舞子海上プロムナード,078-785-5090,http://www.hyogo-park.or.jp/maiko/contents/sisetsu/area_prom.html,マイコカイジョウ プロムナード,展望,みなと・海,須磨・垂水・舞子,世界有数のつり橋「明石海峡大橋」の神戸市側に開設された舞子海上プロムナードは、海面からの高さ約47m、陸地から明石海峡へ約150m突出した延長約317mの回遊式遊歩道です。 海上47メートルの丸木橋は迫力満点!プロムナード入口1階には明石海峡大橋をわかりやすく解説した資料を展示し、8階展望ラウンジの展望カメラシステムでは、明石海峡大橋の主塔(約300m)にのぼった気分が味わえます。雄大な明石海峡大橋を眺めながら、海上遊歩道の散歩をゆっくりお楽しみください。また、海上レストランでは飲食をしながらゆったりと海峡風景を眺められます。,神戸市垂水区東舞子町2051,,垂水区,655-0047,34.630962,135.034204,078-785-5090,(通年) 9:30～18:00 / (ゴールデンウィーク・夏休み)9:30～19:00,http://www.hyogo-park.or.jp/maiko/contents/sisetsu/area_prom.html,JR 舞子駅・山陽 舞子公園駅下車、南へ徒歩5分,毎月第2月曜日（祝日の場合は翌日）,平日:大人￥250、高校生・65歳以上￥120 / 土日祝:大人￥310、高校生・65歳以上￥150　団体(20名以上) 平日:大人￥210、高校生・65歳以上￥100 / 土日祝:大人￥250、高校生・65歳以上￥120　※小・中学生・身障者等は無料(高校生・高齢者の方は確認出来るものを提示して頂きます),有料専用駐車場あり（大型11台、普通車211台（身障者用有り））,エレベーターあり<>介助犬入場OK<>点字案内あり<>その他<>車椅子入場可<>盲導犬入場OK<>バリアフリートイレ<>車椅子利用可能トイレ
六甲山カンツリーハウス,078-891-0366,http://www.rokkosan.com/country/,ロッコウサン カンツリーハウス,自然・生き物・アウトドア,スポーツ・レクリエーション,六甲山・摩耶山,六甲山カンツリーハウスは、国立公園「六甲山」の木々と緑に囲まれたレジャー施設です。園内にはパターゴルフやペダルボート等の自然をいかした遊具が多数あり、広大な芝生広場ではスポーツを楽しんだりワンちゃんとお散歩したり、思い思いの一日を満喫できます。(ワンちゃんの開放エリアはHPにてご確認ください)自然に囲まれてゆっくりとした時間を過ごしたい方や、家族みんなのリフレッシュにおすすめです。,神戸市灘区六甲山町北六甲4512-98,,灘区,657-0101,34.765445,135.244439,078-891-0366,10:00～17:00（16:30最終受付）,http://www.rokkosan.com/country/,阪神御影駅・JR六甲道駅・阪急六甲駅より、神戸市バス16系統で「六甲ケーブル下」バス停下車<- 六甲ケーブル「六甲ケーブル山上駅」 下車<- 六甲山上バス「カンツリーハウス」バス停下車,木(祝日・夏休み期間、イベント開催期間は営業),大人(中学生以上)￥620 / 小人(4歳～小学生)￥310 / ワンちゃん￥100,有料専用駐車場あり（夏休み以外の平日は無料）,車椅子利用可能トイレ<>車椅子入場可<>介助犬入場OK<>盲導犬入場OK
六甲山フィールド・アスレチック,078-891-0366,http://www.rokkosan.com/athletic/,ロッコウサンフィールド・アスレチック,スポーツ・レクリエーション,,六甲山・摩耶山,六甲山フィールド・アスレチックは、国立公園「六甲山」の木々と緑に囲まれた、全長1kmの本格的フィールドアスレチックコース。全40ポイントのアスレチックにはレベル別に2種類のスコアカードがあり、お子さまだけでなく家族みんなで楽しめる屋外レクリエーションスポットです。,神戸市灘区六甲山町北六甲4512-98,,灘区,657-0101,34.765616,135.244473,078-891-0366,10:00～17:00（15:30受付最終）,http://www.rokkosan.com/athletic/,阪神御影駅・JR六甲道駅・阪急六甲駅より、神戸市バス16系統で「六甲ケーブル下」下車<- 六甲ケーブル「六甲ケーブル山上駅」 下車<- 六甲山上バス「カンツリーハウス」下車,木(雨天などコンディション不良時。祝日・夏休みは営業),大人(中学生以上)￥930 / 小人(4歳から小学生)￥510,有料専用駐車場あり（夏休み以外の平日は無料）,
六甲高山植物園,078-891-1247,http://www.rokkosan.com/hana/,ロッコウコウザンショクブツエン,自然・生き物・アウトドア,体験・見学・クラフト,六甲山・摩耶山,"昭和8年(1933年)に開設され、高山植物園としては、わが国で最も長い歴史を誇る六甲高山植物園。世界の高山植物と寒冷地の植物を中心に、六甲山自生植物など約1,500種類を栽培しています。 
海抜865mに位置する園の気候は、北海道南部とほぼ同じ。六甲山という大都市近郊で、手軽にアルプスの高山植物に出合える貴重なスポットです。",神戸市灘区六甲山町北六甲4512-150,,灘区,657-0101,34.761865,135.240473,078-891-1247,10:00～17:00(入園は16:30まで),http://www.rokkosan.com/hana/,阪神御影駅・JR六甲道駅・阪急六甲駅より、神戸市バス(16)系統で「六甲ケーブル下」下車<- 六甲ケーブル「六甲ケーブル山上駅」 下車<- 六甲山上バス「高山植物園」下車すぐ,9月に施設点検休あり。11月下旬～3月中旬は冬季休業,大人(中学生以上)￥620 / 子ども(4歳～小学生)￥310,有料専用駐車場あり（夏休み以外の平日は無料）,
六甲ケーブル,078-861-5288,http://www.rokkosan.com/cable/,ロッコウケーブル,展望,,六甲山・摩耶山,"六甲山と神戸市街地を結ぶ六甲ケーブルは、昭和7年に開業した歴史あるケーブルカーです。六甲山の玄関口として、六甲ケーブル下駅から六甲山上駅までの約1.7kmを、約10分間で結びます。
六甲山上駅には六甲山からの景色が一望できる天覧台(7:10-21:00)があり、夜には1,000万ドルと称される絶景のナイトビューが楽しめます。",神戸市灘区高羽字西山8-2,,灘区,657-0101,34.737356,135.233568,078-861-5288,7:10～21:10,http://www.rokkosan.com/cable/,阪神 御影・JR 六甲道・阪急 六甲駅から神戸市バス16系統「六甲ケーブル下」下車すぐ,なし,"片道/大人590円、小児300円　往復/大人1,000円、小児500円",近隣に駐車場あり,
有馬本温泉　金の湯,078-904-0680,http://arimaspa-kingin.jp/,アリマホンオンセン キンノユ,温泉（有馬）,,有馬（温泉）,有馬の名物湯・金泉が楽しめる外湯で、古来から由緒ある元湯として歴史を刻んできた名湯が堪能できます。有馬ファンの方はぜひ、平日回数券(11枚綴り￥5500)をご利用ください。(土日祝日は差額￥100をプラスして利用できます)。毎月第2水曜日はレディースデイ(対象:大人女性)、第4水曜日はシルバーデイ(対象:65歳以上、証明書要)で、対象の方は入浴料金半額のうれしいサービスがあります。,神戸市北区有馬町833,,北区,651-1401,34.796786,135.247868,078-904-0680,8:00～22:00(入館は21:30まで),http://feel-kobe.jp/arima/cont01/cont01-flm.htm,神戸電鉄 有馬温泉駅 下車徒歩5分,第2・4火 / 1月1日,大人(中学生以上)￥650 / 小人(小学生)￥340 / 幼児(小学生未満)￥140 / 回数券あり,駐車場なし,車椅子利用可能トイレ<>バリアフリートイレ<>車椅子入場可
有馬温泉　銀の湯【休館中】,078-904-0256,http://arimaspa-kingin.jp/,アリマオンセン ギンノユ,温泉（有馬）,,有馬（温泉）,「銀の湯」では、有馬の名物湯である銀泉(無色透明な湯)と呼ばれる炭酸泉、ラジウム泉を利用しています。肌がつるつるになると女性の方に好評で、スチーム式サウナもあります。神社やお寺が集まる寺町界隈の雰囲気に合わせた和風のたたずまいで、温泉情緒をお楽しみください。,神戸市北区有馬町1039-1,,北区,651-1401,34.795483,135.249063,078-904-0256,9:00～21:00(入館は20:30まで),http://feel-kobe.jp/arima/cont02/cont02-flm.htm,神戸電鉄 有馬温泉駅 下車徒歩10分,第1・3火 / 1月1日,大人(中学生以上)￥550 / 小人(小学生)￥290 / 幼児(小学生未満)￥120 / 回数券あり,駐車場なし,バリアフリートイレ<>車椅子利用可能トイレ<>車椅子入場可
太閤の湯殿館,078-904-4304,http://arimaspa-kingin.jp/,タイコウノユドノカン,歴史,文化,有馬（温泉）,1995年1月の大震災で壊れた極楽寺庫裏下から、秀吉が造らせた「湯山御殿」の一部とみられる湯ぶねや庭園の遺構、瓦や茶器などが400年の時を経て発見されました。太閤の湯殿館は、発掘された湯ぶねの遺構や出土品とともに、太閤秀吉がこよなく愛した有馬温泉の歴史・文化を紹介する資料館です。,神戸市北区有馬町1642,,北区,651-1401,34.795736,135.24861,078-904-4304,9:00～17:00(入館は16:30まで),http://feel-kobe.jp/arima/cont03/cont03-flm.htm,神戸電鉄 有馬温泉駅 下車、南へ徒歩8分,毎月第2水曜日,一般 ￥200 / 児童及び生徒 ￥100,駐車場なし,車椅子入場可
六甲オルゴールミュージアム,078-891-1284,http://www.rokkosan.com/museum/,ロッコウオルゴールミュージアム,体験・見学・クラフト,歴史,六甲山・摩耶山,"六甲オルゴールミュージアムは、六甲山上にあるオルゴールの博物館。主に19世紀後半から20世紀初頭にかけて製作されたヨーロッパやアメリカの様々なシリンダーやディスク・オルゴール、世界最大級のダンス・オルガンを含む種々の自動演奏楽器などが展示、紹介されています。 
所蔵品は、オルゴール・コンサートの中でその音色をお楽しみいただけます。30分毎にコンサートを行い、毎回内容が変わります。",神戸市灘区六甲山町北六甲4512-145,,灘区,657-0101,34.761642,135.238353,078-891-1284,10:00～17:00 (最終受付16:00),http://www.rokkosan.com/museum/,阪神御影駅・JR六甲道駅・阪急六甲駅より、神戸市バス(16)系統で「六甲ケーブル下」下車<- 六甲ケーブル「六甲ケーブル山上駅」 下車<- 六甲山上バス「オルゴールミュージアム前」下車すぐ,"9月3日（木）、10日（木）、11月26日(木)～3月17日（木）までの木曜日（12月24日,2月11日は開館）","大人(中学生以上)￥1,030 / 小人(4歳～小学生)￥510",有料専用駐車場あり（夏休み期間中以外の平日無料）,エレベーターあり<>車椅子利用可能トイレ<>車椅子入場可<>介助犬入場OK<>盲導犬入場OK
有馬の工房,078-903-5554,http://arimaspa-kingin.jp/,アリマノコウボウ,体験・見学・クラフト,,有馬（温泉）,外湯めぐりやハイキングの後など、少し休憩したい時に気軽に利用できる有馬の工房。有馬温泉の見どころを紹介するギャラリーなどが設置され、休憩室の利用は1時間につき洋室・会議室￥700～。休憩室の利用と外湯「金の湯」または「銀の湯」のいずれかに入浴できるセット料金「湯ったりパック」もあります。3階の宿泊施設「小宿とうじ」のご予約は、有馬温泉観光総合案内所(078-904-0708)へ。,神戸市北区有馬町1019,,北区,651-1401,34.796139,135.248249,078-903-5554,9:00～18:00,http://arimaspa-kingin.jp/cont04/cont04-flm.htm,神戸電鉄 有馬温泉駅 下車、徒歩8分,第4火(祝日の場合は翌日休) / 1月1日,ご利用は1時間につき和室￥1000 / 洋室・会議室￥700より,駐車場なし,バリアフリートイレ<>エレベーターあり<>車椅子入場可<>車椅子利用可能トイレ
長田神社,078-691-0333,http://nagatajinja.jp/html/,ナガタジンジャ,神社・仏閣・庭園,歴史,兵庫（新開地）・新長田・長田,"商工業や産業の護り神として崇敬される御祭神「事代主大神」をお祀りし、地元の人々に「長田さん」の愛称で親しまれる長田神社。2001年で御鎮座1,800年を迎え、室町時代から続く古式「追儺式神事」(県指定無形文化財)、楠宮稲荷社裏の大楠の御神木、病気平癒や痔のご利益でも有名です。",神戸市長田区長田町3-1-1,,長田区,653-0812,34.671315,135.146643,078-691-0333,開門・閉門　(4月～9月)5:00～18:00 / (10月～3月) 6:00～18:00  授与所　9:00～16:00,http://nagatajinja.jp/html/,地下鉄西神山手線 長田駅・阪神電気鉄道神戸高速線 高速長田駅より北へ徒歩7分,なし,なし,無料専用駐車場あり,盲導犬入場OK
摩耶山天上寺,078-861-2684,http://www.mayasan-tenjoji.jp,マヤサンテンジョウジ,神社・仏閣・庭園,文化,六甲山・摩耶山,"国立公園摩耶山の山上にあり、豊かな自然に恵まれた摩耶山天上寺。四季折々の風景が楽しめる天空の舞台からは、晴れた日には淡路島・明石大橋・小豆島まで遠望できます。 
全国で唯一の摩耶夫人堂が建つ天上寺の歴史は、大化2年(西暦646年)、孝徳天皇の勅願を受けたインドの高僧法道仙人が開創されたことに始まります。釈迦の生母で女人守護の仏でもある摩耶夫人は、特に安産・子授け・子育ての守護仏として信仰され、「摩耶山」という名の由来であると言われています。",神戸市灘区摩耶山町2-12,,灘区,657-0105,34.739025,135.204712,078-861-2684,9:00～17:00,http://www.mayasan-tenjoji.jp,各線 三宮駅より市バス18系統「摩耶ケーブル下」下車、まやビューライン星の駅より徒歩10分,なし,拝観料志納,近隣に駐車場あり,
神戸市立六甲山牧場　,078-891-0280,http://www.rokkosan.net,コウベシリツ ロッコウサンボクジョウ,自然・生き物・アウトドア,体験・見学・クラフト,六甲山・摩耶山,羊・牛・馬・ヤギなど家畜を飼育している神戸市立六甲山牧場は、人と動物と自然とのふれあいの場。六甲山上に広がる牧歌的な景色の中で、癒しのひととを楽しむことができます。神戸チーズ(カマンベールチーズ)の製造工程が回廊から見学できる「六甲山Q・B・Bチーズ館」などの施設も充実。羊毛によるウールクラフト、アイスクリームやバター、チーズ、フローズンヨーグルト作りなどの楽しい体験教室も開催しています。,神戸市灘区六甲山町中一里山1-1,,灘区,657-0101,34.748127,135.209326,078-891-0280,9:00～17:00 / 4月1日～10月31日の土日祝と、8月は～17:30,http://www.rokkosan.net,六甲ケーブル、スカイシャトルバスを乗り継ぎ「六甲山牧場」停留所下車すぐ(※春～秋の土・日・祝は阪急 六甲駅より「摩耶ロープウェー山上行き」直通バス運行、夏休み毎日),4月～10月無休、11月～3月火曜日定休（※但し、火曜が祝日の場合は、翌日が定休日）,大人￥500 / 小・中学生￥200,有料専用駐車場あり,介助犬入場OK<>エレベーターあり<>盲導犬入場OK<>車椅子利用可能トイレ<>車椅子入場可
兵庫県立美術館,078-262-0901,http://www.artm.pref.hyogo.jp,ヒョウゴケンリツビジュツカン,アート・カルチャー,,灘・東灘,"兵庫県立美術館では、兵庫ゆかりの作家による近現代作品を中心に約9000点を超える作品を所蔵。近代日本洋画を代表する小磯良平、金山平三の2人の画家の記念室を有し、話題性に富んだ国内外の作品を展示する特別展も開催しています。 
美術館の設計は、日本を代表する建築家・安藤忠雄氏によるもの。海を間近に臨むユニークな外観は、周囲に設置された彫刻と共に屋外からも楽しむことができます。",神戸市中央区脇浜海岸通1-1-1,HAT神戸内,中央区,651-0073,34.699249,135.217853,078-262-0901,10:00～18:00 / 特別展開催中の金・土曜　10:00～20:00,http://www.artm.pref.hyogo.jp,阪神 岩屋駅（兵庫県立美術館前）から南へ徒歩約8分  / JR 灘駅南口から南へ徒歩約10分,月(祝休日の場合は翌日),県美プレミアム展（常設展）:一般￥510、大学生￥410、高校生￥260(※65歳以上の方は一般観覧料金の半額。障がいのある方とその介護の方1名は、各料金の半額。)中学生以下無料。※特別展は展覧会毎に異なる,有料専用駐車場あり,有り
神戸ドールミュージアム,078-327-4680,http://www.timeroman.com/kobedollmuseum/,コウベドールミュージアム,文化,歴史,三宮・元町,神戸ドールミュージアムは、19世紀フランスの香りをただよわせる「アンティークビスクドール」と「オートマター(機会仕掛人形)」を中心にコレクションする、日本でも数少ないドールミュージアムです。西洋人形の歴史や文化などの情報も発信し、様々な角度からお人形をご覧いただけます。心ときめくアンティークドールとの出会いに、ぜひ訪れてください!,神戸市中央区三宮町3-1-17,,中央区,650-0021,34.689378,135.190595,078-327-4680,10:00～19:00(ミュージアム入館18時まで),http://www.timeroman.com/kobedollmuseum/,JR ・阪神 元町駅東口から徒歩約5分,水(祝日の場合は開館・翌日休み・年末年始),大人(高校生以上)￥500(税込) / 小人(小・中学生)￥400(税込) / 団体 10人以上は2割引,駐車場なし,
六甲ガーデンテラス,078-894-2281,http://www.rokkosan.com/gt/,ロッコウガーデンテラス,展望,ショッピングスポット,六甲山・摩耶山,"六甲ガーデンテラスは、異国情緒漂うエリア内に4つの飲食店と5つのショップがあり、季節のグルメやショッピングが楽しめるレジャースポットです。展望スペースから見渡すパノラマの景色は圧巻!明石海峡から大阪平野、関西国際空港までが一望でき、夜には“1,000万ドルのきらめき”と称される六甲山からのナイトビューが満喫できます。",神戸市灘区六甲山町五介山1877-9,,灘区,657-0101,34.764056,135.246728,078-894-2281,9:00～21:00(季節・曜日・天候・店舗により異なる),http://www.rokkosan.com/gt/,六甲ケーブル山上駅で六甲山上バスに乗り換え「六甲ガーデンテラス」下車すぐ,なし(冬期は店舗により不定休),無料,有料専用駐車場あり,介助犬入場OK<>車椅子利用可能トイレ<>盲導犬入場OK<>バリアフリートイレ<>車椅子入場可
神戸市立王子動物園,078-861-5624,http://www.kobe-ojizoo.jp,コウベシリツ オウジドウブツエン,自然・生き物・アウトドア,,灘・東灘,神戸市民のみならず、近隣都市からも多くの観光客が訪れる王子動物園。ジャイアントパンダとコアラの両方が見られる、日本で唯一の動物園です。園内では約130種の世界の動物たちを間近に観察することができ、「ホッキョクグマのドボンタイム」や「動物かみしばいとおはなし」など楽しいアトラクションやイベントも随時開催。春には桜の咲き乱れる名所としても知られ、お子さまだけでなくカップルや家族でも楽しめるスポットとして人気です。,神戸市灘区王子町 3-1,,灘区,657-0838,34.710054,135.213712,078-861-5624,3月～10月　9:00～17:00(入園は16:30まで)/11月～2月　9:00～16:30(入園は16:00まで),http://www.kobe-ojizoo.jp,阪急 王子公園 駅より西へ徒歩3分 / JR 灘駅より北へ徒歩5分 / 阪神 岩屋駅より北へ徒歩10分,水(祝日の場合は開園),大人 ￥600 / 中学生以下 無料　※兵庫県内在住の65歳以上の方・障がい者の方は証明書の提示で無料,有料専用駐車場あり,バリアフリートイレ<>車椅子利用可能トイレ<>車椅子入場可
櫻正宗記念館　櫻宴,078-436-3030,http://www.sakuramasamune.co.jp/sakuraen/sakuraen_index.html,サクラマサムネキネンカン サクラエン,酒蔵,,灘・東灘,"灘五郷の中心、「魚崎郷」に位置する櫻正宗記念館  “櫻宴”。阪神・淡路大震災の試練を乗り越えて、正宗名発祥のアイデンティティを後世に遺すべく開設されました。2階の展示室では、櫻正宗創業300年余りの歴史を語る酒瓶・看板・ラベルなどのコレクションを展示。昔の酒造りの様子を収めた貴重な映像も放映しています。 
レストランやカフェも併設され、ショップ “櫻蔵” では、別棟の酒蔵(櫻喜蔵)の搾りたてのお酒を量り売り。お土産にぴったりの地元名産品や特産品も取り揃えています。",神戸市東灘区魚崎南町4-3-18,,東灘区,658-0025,34.710184,135.27146,078-436-3030,10:00～22:00(物販・喫茶は19:00まで),http://www.sakuramasamune.co.jp/sakuraen/sakuraen_index.html,阪神 魚崎駅を南へ徒歩5分,火,無料,無料専用駐車場あり,エレベーターあり<>バリアフリートイレ<>車椅子利用可能トイレ<>車椅子入場可
こうべ環境未来館,078-322-6678,http://www.kobe-miraikan.com/,コウベカンキョウミライカン,体験・見学・クラフト,,西神戸,こうべ環境未来館は、神戸市資源リサイクルセンターに隣接する環境教育施設です。環境について、わかりやすく楽しみながら学習できます。ごみと資源の学習の展示(1F)や、再生品(自転車・家具)の展示(1F)、ビオトープ、太陽光発電設備、風力発電設備など見どころがたくさんあります。,神戸市西区見津が丘1-9,,西区,651-2228,34.741598,135.088544,078-995-3196,月～日(水は除く) 9:00～17:00,http://www.kobe-miraikan.com/,神戸電鉄粟生線 木津駅から徒歩5分,水,無料,無料専用駐車場あり,エレベーターあり<>バリアフリートイレ<>車椅子利用可能トイレ<>車椅子入場可<>その他
イタリア館(プラトン装飾美術館),078-271-3346,,イタリアカン(プラトンソウショクビジュツカン),異人館,アート・カルチャー,北野・新神戸,"イタリア館(プラトン装飾美術館)はイタリアを中心としたヨーロッパの18～19世紀の家具調度品、絵画彫刻等が展示されている異人館です。現在も実際に人が住んでいる異人館で、邸内の各部屋にミレー、コローなどの絵画や美術品が詰まったゴージャスな私邸です。 
プールのある南庭では飲み物やランチが注文でき、特にマンマの手造りケーキや週末限定ランチは人気メニューです。",神戸市中央区北野町1-6-15,,中央区,650-0002,34.702431,135.192086,078-271-3346,9:30～17:00,,各線 三宮駅より徒歩またはシティーループバスで約15分、「北野異人館」下車 徒歩5分/ 新幹線・地下鉄 新神戸駅より徒歩10分,年中無休,大人￥700 / 中高生￥500 / 小人(小学生)￥200,駐車場なし,
神戸市立博物館,078-391-0035,http://www.city.kobe.lg.jp/culture/culture/institution/museum/main.html,コウベシリツハクブツカン,歴史,アート・カルチャー,三宮・元町,昭和10年に建築された“旧横浜正金銀行”の建物を増改築し、昭和57年に開館。「国際文化交流、東西文化の接触と変容」を基本テーマに、国宝の「桜ヶ丘出土銅鐸・銅戈」、考古・歴史資料、南蛮・紅毛美術資料、古地図資料、ガラス関係資料など約7万点を収蔵しています。常設展では、神戸に焦点をあてながら、日本と外国との文化交流のようすを6つのテーマで展示。館蔵品を主体とした企画展や、内外から資料や作品を集めた大規模な特別展も実施しています。,神戸市中央区京町24,,中央区,650-0034,34.687272,135.192884,078-391-0035,10:00～17:00(入館は閉館の各30分前まで)/ 特別展開催時は変更の場合あり,http://www.city.kobe.lg.jp/culture/culture/institution/museum/main.html,各線 三宮駅・元町駅より徒歩約10分 / 地下鉄海岸線 旧居留地・大丸前駅より徒歩約5分,月(祝祭日は開館、翌日休館) / 特別展開催時は変更の場合あり,一般 200円 / 高・大生 150円 / 小・中生 100円 (※特別展開催時は料金変更),近隣に駐車場あり,盲導犬入場OK<>エレベーターあり<>バリアフリートイレ<>車椅子利用可能トイレ<>車椅子入場可<>介助犬入場OK
有馬温泉 太閤の湯,078-904-2291,http://www.taikounoyu.com,アリマオンセン タイコウノユ,温泉（有馬）,,有馬（温泉）,有馬温泉 太閤の湯は、着替えやタオルの準備がいらず『手ぶら』でご利用いただける、日本三名泉の有馬温泉最大の歴史探訪クアテーマパークです。名湯、金泉・銀泉・炭酸泉（人工）を、男女あわせて26種類のお風呂や岩盤浴でお楽しみいただけます。 湯上りには、お花見気分が味わえるフードコートやレストランでグルメを満喫。ボディケアやあかすりなどの癒しメニューも充実しています。,神戸市北区有馬町池の尻292-2,,北区,651-1401,34.797891,135.251318,078-904-2291,10:00～23:00（最終受付22:00）,http://www.taikounoyu.com,神戸電鉄 有馬温泉駅から徒歩約7分,不定休につき詳細はお問い合わせください,"平日：大人 ￥2400 / 子供(6～12才) ￥1200/ 幼児 (3～5才)￥400
土日祝・特定日：大人 ￥2600 / 子供(6～12才) ￥1300/ 幼児 (3～5才)￥500　※入湯税別途必要",無料専用駐車場あり,
レストラン船コンチェルト,078-360-5600,http://www.kobeconcerto.com,ミュージック・グルメセンコンチェルト,みなと・海,夜景・展望,メリケンパーク・ハーバーランド,レストラン船「コンチェルト」は、五感でクルージングが楽しめる遊覧船。食事やスイーツと音楽を味わいながら、六甲の山並みや明石海峡大橋、海に浮かぶ神戸空港など、神戸ならではの贅沢な景色を満喫できます。船内レストランではクラシックや、ジャズの生演奏で心躍るクルージングを演出。中国料理界の最高位“中国烹任大師”の称号を持つ総料理長(日本でただ2人だけ)による新感覚広東中華を味わいながら、海上での優雅なひと時をお楽しみください。,神戸市中央区東川崎町1-6-1,モザイク1F,中央区,650-0044,34.680028,135.184504,078-360-5600,10:00～19:00(コンチェルト予約センター),http://www.kobeconcerto.com,JR 神戸駅からデュオコウベ地下街を通り、umie方面へ徒歩10分,不定休,"料金大人 ￥2,200 / 小人 ￥1,100　食事、飲食の場合は別途料金",近隣に駐車場あり,車椅子利用可能トイレ<>車椅子入場可
沢の鶴資料館,078-882-7788,http://www.sawanotsuru.co.jp/siryokan/,サワノツルシリョウカン,酒蔵,,灘・東灘,古い酒蔵をそのまま資料館とした建物は、兵庫県「重要有形民俗文化財」に指定。酒造りの道具や工程など、その歴史を現代に伝える資料を展示・紹介しています。全国でも珍しい、地下構造の「槽場(ふなば)」跡、日本で初めての技術である木造免震構造の建物、ミュージアムショップなど見どころ満載です。,神戸市灘区大石南町1-29-1,,灘区,657-0852,34.703277,135.233141,078-882-7788,10:00～16:00,http://www.sawanotsuru.co.jp/siryokan/,阪神 大石駅から都賀川沿いを南へ徒歩10分,水,無料,無料専用駐車場あり,車椅子入場可<>車椅子利用可能トイレ<>バリアフリートイレ
有馬ます池,078-904-0309,http://www.shintetsu.co.jp/kanko/masuike/index.html,アリママスイケ,自然・生き物・アウトドア,スポーツ・レクリエーション,有馬（温泉）,手ぶらで訪れて気軽にニジマス（子マス）釣りが楽しめるフィッシングスポット。料理とのセット営業で、園内にある「ますの茶屋」でカラアゲ、塩焼きをご賞味いただけます。エサは団子状のネリエサで、女の子にも安心。童心にかえったデートを楽しむカップルや、食欲旺盛で食いつきの良いニジマスを相手に、はじめての釣り体験に挑戦のファミリーに人気です。夏季はつかみどりイベントを実施。,神戸市北区有馬町1688-2,,北区,651-1401,34.790972,135.244591,078-904-0309,9:00～17:00,http://www.shintetsu.co.jp/kanko/masuike/index.html,神戸電鉄 有馬温泉駅より徒歩15分  / 六甲有馬ロープウェー 有馬温泉駅・鼓が滝公園 前,水・木(12月～2月は水・木・金)　※祝日は営業し、後日休園します。※春・夏休み、GWは無休。,"大人(中学生以上)￥150 / 小人　(小学生)￥80　釣り料は別途",有料専用駐車場あり,
バンドー神戸青少年科学館,078-302-5177,http://www.kobe-kagakukan.jp,バンドーコウベ セイショウネンカガクカン,体験・見学・クラフト,文化,ポートアイランド・六甲アイランド,神戸で唯一のプラネタリウム付属施設である青少年科学館は、「神戸でいちばん星空に近い場所」として親しまれています。6つのテーマからなる展示室には、 「月面ジャンプ」などのアトラクションを含む400点を超える展示物があり、科学のふしぎを体験しながら楽しく学ぶことができます。 また、「星空ウォッチング」や「科学工作教室」などの教育普及講座も、年間100回以上開催しています。(参加は事前の申し込みが必要です),神戸市中央区港島中町7-7-6,,中央区,650-0046,34.666027,135.218393,078-302-5177,月～木　9:30～16:30 /金・ 土・日・祝・春休み・夏休み　9:30～19:00 / 春・夏休み(神戸市が定める小中学校の)9:30～19:00,http://www.kobe-kagakukan.jp,神戸新交通 三宮駅より北埠頭方面ポートライナーで12分、南公園駅下車 東へ徒歩3分,水(祝日の場合は翌日)※春休み・夏休みは無休,展示室:大人￥600、小・中・高校生￥300  / プラネタリウム:大人￥400、小・中・高校生￥200,駐車場なし,介助犬入場OK<>盲導犬入場OK<>エレベーターあり<>バリアフリートイレ<>車椅子利用可能トイレ<>車椅子入場可
神戸北野美術館,078-251-0581,http://www.kitano-museum.com/,コウベキタノビジュツカン,文化,異人館,北野・新神戸,"神戸北野美術館は、歴史的建造物である明治31年(1898年)築の旧アメリカ領事館官舎を館施設としています。 
　1898年に建設された異人館で、戦後は1978年までアメリカ領事館官舎として使用されました。1995年の阪神・淡路大震災の翌年から神戸北野美術館として開館しています。 
　2011年 4月より「モンマルトルの丘の画家たち ～神戸北野異人館街・パリ市モンマルトル地区　友好交流展～」を開催しています。 
　神戸北野異人館街の文化や歴史を紹介すると共に、その魅力を発信する美術館です。また、カフェを併設しており、ゆっくりくつろいでいただける施設です。",神戸市中央区北野町2-9-6,,中央区,650-0002,34.701254,135.191517,078-251-0581,9:30～17:30(入館17時まで)　作品入替え、貸切等で変更有,http://www.kitano-museum.com/,各線 三宮駅徒歩約15分 / 新幹線・地下鉄西神山手線 新神戸より徒歩約8分 / シティーループ「北野異人館」下車すぐ,不定休(要・問合せ)　原則毎月第3火曜日。企画展開催時は開館有。,大人￥500 / 中高生￥300,駐車場なし,介助犬入場OK<>盲導犬入場OK
須磨寺,078-731-0416,http://www.sumadera.or.jp,スマデラ,神社・仏閣・庭園,歴史,須磨・垂水・舞子,真言宗須磨寺派の大本山。本尊の聖観世音菩薩をはじめ、無官の太夫・平敦盛の首塚や、敦盛首洗いの池、義経腰掛けの松など、源平ゆかりの史蹟が多く見られます。在原行平が創始したとされる一絃琴(須磨琴)が伝えられ、歴史・文化的にも価値のあるお寺です。,神戸市須磨区須磨寺町4-6-8,,須磨区,654-0071,34.649247,135.111758,078-731-0416,8:30～17:00,http://www.sumadera.or.jp,山陽 須磨寺駅より徒歩5分 / JR 須磨駅より徒歩12分,年中無休,なし,無料専用駐車場あり,エレベーターあり<>盲導犬入場OK<>車椅子入場可<>介助犬入場OK<>車椅子利用可能トイレ
巨大アートギャラリー＆アトリエ　神戸波止場町 TEN×TEN,078-351-1335,http://tenten.chu.jp/,コウベハトバチョウ テンテン,体験・見学・クラフト,アート・カルチャー,メリケンパーク・ハーバーランド,"巨大アートギャラリー＆アトリエ神戸波止場町TEN×TENは、みなと神戸の新たな文化交流拠点。様々なアートや制作シーンを観覧したり、ワークショップに参加したり、若者はもちろん、ゆっくり時を過ごしたい大人やシルバー世代にもおすすめです。
館内は、ワンフロアに60ブース以上が並ぶ巨大空間、造形・彫金・ガラス絵・伝統組子・アクセサリー・刺繍・絵画・マンガなど
多彩なジャンルの作家たちが、アトリエ創作やギャラリー展示、販売などを行っています。
館内のだまし絵や黄金イラストが描かれた「壁面カフェ」で味わえる、一杯立ての本格コーヒー（￥200）や神戸ドーナツも好評です。",神戸市中央区波止場町6-5,,中央区,650-0042,34.684039,135.184285,078-351-1335,11:00～18:00（入館は17:30まで）,http://tenten.chu.jp/,阪急 花隈駅東口より南へ5分 / 各線 元町駅西口より南西へ8分 / JR 神戸駅より南東へ8分 /地下鉄みなと元町1番出口南へ2分,水(祝日の場合は翌日),入場無料,駐車場なし,バリアフリートイレ<>車椅子利用可能トイレ<>車椅子入場可
神戸市立森林植物園,078-591-0253,http://www.kobe-park.or.jp/shinrin/,コウベシリツ シンリンショクブツエン,自然・生き物・アウトドア,,六甲山・摩耶山,"六甲山の自然を活かした樹木中心の植物園。日本や世界各地の樹木を原産地別に約1,200種植栽しており、各地の森を巡るような景色を楽しみながら自然を満喫できる。春の新緑・ツツジ・シャクナゲ、梅雨のあじさい、秋の紅葉が特に見どころ。野鳥が飛び交う森の中で森林浴や広い芝生広場でのんびりピクニックするのがおすすめ。",神戸市北区山田町上谷上字長尾1-2,,北区,651-1102,34.74081,135.178112,078-591-0253,9:00～17:00(入園16:30まで)　※あじさい散策イベント期間中は8:00～17:00、土日祝は18:00まで開園（入園は閉園の30分前まで）。その他催しにより変更あり。,http://www.kobe-park.or.jp/shinrin/,神戸電鉄 北鈴蘭台駅より定時送迎バスあり(1時間に1本。散策イベント期間中は増便あり)　 / 三宮バスターミナルより神戸市バス25系統、森林植物園下車(※4/1～11/30の土・日・祝のみ運行),水(祝日の場合翌日)、散策イベント期間中は無休,大人(高校生以上)￥300 / 小人(小中学生)￥150,"有料専用駐車場あり（自動車500円　バス2,000円）",車椅子入場可<>車椅子利用可能トイレ<>バリアフリートイレ<>その他
五色塚古墳,"078-707-3131,322-5798",http://www.hi-net.zaq.ne.jp/bucdm105/,ゴシキヅカコフン,歴史,展望,須磨・垂水・舞子,千壺古墳とも呼ばれ、4世紀後半に築かれた兵庫県下最大の前方後円墳。築造当時の姿に復元され、雄大かつ高度な古代の土木技術を体感できます。また、淡路島や明石海峡大橋の眺めは抜群です。,神戸市垂水区五色山4-1,,垂水区,655-0035,34.629532,135.045828,"078-707-3131,322-5798",9:00～17:00,http://www.hi-net.zaq.ne.jp/bucdm105/,山陽電鉄 霞ヶ丘駅より徒歩5分 / JR・山陽電鉄 垂水駅より徒歩10分,月(祝日の場合は翌日) ※4月～11月は無休,無料,無料専用駐車場あり,
六甲有馬ロープウェー,078-251-4880,http://kobe-rope.jp/,ロッコウアリマロープウェー,展望,温泉（有馬）,六甲山・摩耶山,国立公園六甲山の山頂と名湯有馬温泉を、12分間で結ぶ六甲有馬ロープウェー。空中散歩を楽しみながら、四季折々に表情を変える六甲山の雄大な自然を間近に満喫することができます。ロープウェーならではの上空からの絶景を、ゆったりとお楽しみください。,神戸市灘区六甲山町北六甲4512-336(六甲山頂駅),,灘区,657-0101,34.766364,135.247058,078-891-0031(六甲山頂駅),春秋冬 9:30～17:10、夏 9:30～21:30(※詳細はHPよりご確認下さい。4月～11月の土曜日延長ダイヤあり）,http://kobe-rope.jp/index.html,(有馬温泉駅)神戸電鉄 有馬温泉駅から徒歩15分,なし,"大人:片道￥1010　往復￥1,820 / 小人:片道￥510、往復￥910",有料専用駐車場あり（ロープウェー利用者無料）,エレベーターあり<>車椅子利用可能トイレ
甲南漬資料館（こうべ甲南武庫の郷）,078-842-2508,http://www.konanzuke.co.jp/mukonosato/index2.htm,コウナンヅケシリョウカン,酒蔵,体験・見学・クラフト,灘・東灘,人が和み、憩い集まれる総合クリエイティブスペース。灘の酒・甲南漬に関わる資料の展示や、月替わりで灘酒3種が試飲できるコーナー、食事処の他、甲南漬本店などもあります。 また、資料館の建物(旧　高嶋邸)は国登録有形文化財に指定されています。,神戸市東灘区御影塚町4-4-8,,東灘区,658-0044,34.710801,135.244174,078-842-2508,10:00～17:00,http://www.konanzuke.co.jp/mukonosato/index2.htm,阪神 新在家駅から東へ徒歩5分,年末年始,無料,無料専用駐車場あり,介助犬入場OK<>バリアフリートイレ<>盲導犬入場OK<>車椅子利用可能トイレ<>車椅子入場可
箱木千年家,078-581-1740,,ハコギセンネンヤ,歴史,,北神戸,歴史と風格を感じる、室町時代の豪族の住居。現存する民家建造物の中では日本最古のもので、国の重要文化財に指定されています。床や戸板には手斧で削った木材の質感が今も残り、永年の佇まいが感じられます。蔵を利用した資料館には、当時使われた農具や箱木家住宅の模型などが展示され、その歴史を垣間見ることができます。,神戸市北区山田町衝原1-4,,北区,651-1264,34.769501,135.102982,078-581-1740,(4/1～10/31) 9:00～17:00/(11/1～3/31)9:00～16:00,,神戸電鉄 箕谷駅より市バス111系統終点「衝原(つくはら)」下車徒歩3分,12/26～1/10(但し、臨時休業の場合がある為、事前にお問い合わせください。),大人￥300 / 小中学生￥150 (※団体30名以上3割引),無料専用駐車場あり,
ノエビアスタジアム神戸,078-652-5656 (9:00～17:30　※12:00～13:00、木曜を除く),http://www.noevir-stadium.jp/,ノエビアスタジアムコウベ,スポーツ・レクリエーション,,兵庫（新開地）・新長田・長田,ノエビアスタジアム神戸は、2002FIFAワールドカップ(TM)を機に完成した球技専用のスタジアムです。ヴィッセル神戸、神戸製鋼コベルコスティラーズのホームスタジアムとして、サッカーやラグビーの数々の名勝負が繰り広げられてきました。スタジアムには開閉式の屋根があり、天候に左右されず利用が可能。観客席からピッチまでの距離が近く、臨場感あるスポーツ観戦が楽しめます。,神戸市兵庫区御崎町1-2-2,,兵庫区,652-0855,34.656675,135.169661,078-652-5656 (9:00～17:30　※12:00～13:00、木曜を除く),イベント・施設によって異なる,http://www.noevir-stadium.jp/,地下鉄海岸線 御崎公園駅より徒歩5分,木,お問合せください。,有料専用駐車場あり,エレベーターあり<>車椅子入場可<>車椅子利用可能トイレ<>バリアフリートイレ<>点字案内あり
神戸総合運動公園,078-795-5151,http://www.kobe-park.or.jp/sougou/,コウベソウゴウ ウンドウコウエン,スポーツ・レクリエーション,自然・生き物・アウトドア,須磨・垂水・舞子,広大な自然に恵まれた神戸総合運動公園には、国体の会場にもなった「ユニバー記念競技場」、ドーム型体育館「グリーンアリーナ神戸」など、プロスポーツや国際競技が開催される様々なスポーツ施設があります。季節の花々に彩られた園内には子どもたちが喜ぶ遊具もあり、一大レクリエーションゾーンとして、スポーツや行楽・遠足などに利用されています。,神戸市須磨区緑台,,須磨区,654-0163,34.680871,135.07665,078-795-5151,園地部24時間オープン / 運動施設は各施設によって異なる,http://www.kobe-park.or.jp/sougou/,地下鉄西神山手線 総合運動公園駅より徒歩1分,園地部なし/グリーンアリーナ神戸 第3火曜日(祝日の場合翌平日),各施設によって異なる,有料専用駐車場あり,エレベーターあり<>点字案内あり<>介助犬入場OK<>盲導犬入場OK<>車椅子利用可能トイレ<>車椅子入場可
白鶴酒造資料館,078-822-8907,http://www.hakutsuru.co.jp/shiryo/,ハクツルシュゾウシリョウカン,酒蔵,文化,灘・東灘,"大正時代に建造された木造の酒蔵を利用し、そのまま酒造資料館として公開。昔の酒造りの行程に従って蔵人が作業する姿を再現した人形や、実際に使われていた道具を忠実に展示しています。しぼりたて原酒を無料できき酒できるのも魅力のひとつです。また、資料館内売店では、免税販売を実施しています。（総額5,401円以上。パスポート掲示必要）",神戸市東灘区住吉南町4-5-5,,東灘区,658-0041,34.71027,135.260961,078-822-8907,9:30～16:30(入館16:00まで),http://www.hakutsuru.co.jp/shiryo/,阪神 住吉駅から徒歩5分 / JR住吉駅から徒歩15分,なし(お盆・年末年始　除く),無料,無料専用駐車場あり,盲導犬入場OK<>バリアフリートイレ<>車椅子利用可能トイレ<>車椅子入場可<>エレベーターあり<>介助犬入場OK
まやビューライン（摩耶ケーブル＆ロープウェー）,078-861-2998  (星の駅),http://kobe-rope.jp,マヤビューライン,展望,自然・生き物・アウトドア,六甲山・摩耶山,"「まやビューライン」は、摩耶山の山麓～山上をケーブルとロープウェーで結ぶ交通ライン。摩耶山の雄大な自然を身近に楽しめます。山上の「星の駅」駅前の摩耶山掬星台は、日本三大夜景の地として有名で神戸のみならず、大阪から関西国際空港まで一望でき、宝石箱をひっくり返したような輝きです。また、「摩耶山天上寺」や「六甲山牧場」など、山上観光施設へのアクセスにも便利です。",神戸市灘区摩耶山町 2-2,,灘区,657-0105,34.719902,135.216108,078-861-2998  (星の駅),春秋冬の平日 10:00～17:30、春秋の土日祝/夏季全日 10:00～20:50、冬の土日祝10:00～19:50(※詳細はHPよりご確認下さい。),http://kobe-rope.jp,摩耶ケーブル駅:各線三宮より市バス18系統で摩耶ケーブル下 下車(所要25分)　JR灘駅より「坂バス」で摩耶ケーブル下 下車（所要11分）,火曜(祝日の場合は翌日・夏季は除く),"【ケーブル＋ロープウェー】大人 片道￥880　往復￥1,540 / 小人 片道￥440、往復￥770　(※詳細はHPよりご確認下さい。)",駐車場なし,
浜福鶴吟醸工房,078-411-8339,http://www.hamafukutsuru.co.jp/,ハマフクツル ギンジョウコウボウ,酒蔵,,灘・東灘,浜福鶴吟醸工房では、近代的な酒づくりの設備とその行程をガラス越しに見学できます。数ある酒蔵テーマ館のなかでも「もろみ仕込み」を見学できるのが大きな魅力。伝統の技に触れた後は、落ち着いた雰囲気の試飲コーナーで、清冽なしぼりたて生酒の試飲をどうぞ。直売コーナーでは、蔵元ならではお酒やオリジナル商品も販売しています。,神戸市東灘区魚崎南町4-4-6,,東灘区,658-0026,34.709837,135.272863,078-411-8339,火～日 10:00～17:00,http://www.hamafukutsuru.co.jp/,阪神・六甲ライナー魚崎駅より徒歩10分,月(祝日の場合は翌日),無料,無料専用駐車場あり,
関帝廟,078-392-2711,http://www.zhonghua-huiguan.com/,カンテイビョウ,文化,神社・仏閣・庭園,北野・新神戸（市街地北部）,財の神として名高い三国志の武将・関羽を祀った霊廟。入口の山門に掲げられた「関帝廟」の扁額は、世界的に有名な書道家・于右任(蒋介石の元秘書)によるものです。「鯉の滝登り」(登竜門)の故事になぞらえた中門、北京の紫禁城と同じ皇帝色の瓦に青龍の像を配した本堂など、廟の敷地には中国の雰囲気が漂います。,神戸市中央区中山手通7-3-2,,中央区,650-0004,34.689388,135.178077,078-392-2711,9:00～17:00,http://www.zhonghua-huiguan.com/,地下鉄西神山手線 県庁前駅 下車、北西へ徒歩5分。,年中無休,拝観無料,駐車場なし,
シルクロード　絨毯ミュージアム,078-857-0415,http://www.carpetandrug.net/,シルクロード ジュウタンミュージアム,アート・カルチャー,,ポートアイランド・六甲アイランド,"手織り絨毯の専門店「絨毯ギャラリー」に併設されたミュージアム。日本で初めて、西はトルコ、イランから東は中国・日本まで、シルクロード絨毯の貴重なコレクションを集めています。 
アンティークものからいわくつきの絨毯まで手に触れて間近に見る事ができ、遊牧民の生活や絨毯づくりの工程など、さまざまな関係資料も展示。シルクロード絨毯の全貌を理解することができます。",神戸市東灘区向洋町中6-9,六甲アイランド・神戸ファッションマート(KFM)3F,東灘区,658-0032,34.689228,135.268283,078-857-0415,10:00～18:00,http://www.carpetandrug.net/,JR 住吉・阪神 魚崎より六甲ライナーアイランドセンター駅下車、進行方向右手に通路あり,水,大人￥300 / 高校生以下、無料,近隣に駐車場あり,その他<>点字案内あり<>介助犬入場OK<>盲導犬入場OK<>エレベーターあり<>バリアフリートイレ<>車椅子利用可能トイレ<>車椅子入場可
神戸文学館,078-882-2028,http://www.kobe-np.co.jp/info/bungakukan/,コウベブンガクカン,文化,歴史,灘・東灘,"神戸文学館では、常設展示コーナー「みなと神戸の文学風景」で明治時代以降の神戸ゆかりの文学作品及び文学者の資料を時代ごとに展示している他、作家の足跡を紹介する「神戸文学地図」、神戸を舞台に活躍する作家の作品等1,000冊を収めた「神戸の本棚」などを設置。その他にも適時、企画展や文学講座などの関連イベントも開催しています。",神戸市灘区王子町3-1-2,,灘区,657-0838,34.709104,135.21322,078-882-2028,平日 10:00～18:00 / 土・日・祝 9:00～17:00,http://www.kobe-np.co.jp/info/bungakukan/,JR 灘から北西へ約600m / 阪急 王子公園西口から西へ約500m,水(祝日の場合は翌日),無料,駐車場なし,バリアフリートイレ<>盲導犬入場OK<>介助犬入場OK<>その他<>車椅子利用可能トイレ
神戸海洋博物館・カワサキワールド,078-327-8982,http://www.kobe-meriken.or.jp/maritime-museum/,コウベカイヨウハクブツカン・カワサキワールド,みなと・海,体験・見学・クラフト,メリケンパーク・ハーバーランド,"神戸開港120年を記念して建てられたわが国でも有数の港と船の博物館。神戸港の歴史から、港に関する展示や豊富な船舶模型のコレクションを展示。隣接する神戸ポートタワーと共に神戸港のシンボル施設として親しまれています。館内には神戸の地で生まれ1世紀以上の歴史を持つ川崎重工グループの企業ミュージアム「カワサキワールド」を併設。同社の歴史や陸・海・空にわたる製品を多数紹介しています。
0系新幹線やモーターサイクル、ジェットスキー、大型ヘリコプターなどの実物を通して、楽しく学びかつ遊びながら「技術の素晴らしさ」、「ものづくりの大切さ」が実感できる、子どもから大人まで楽しめるスポットです。",神戸市中央区波止場町2-2,,中央区,650-0042,34.682914,135.188287,078-327-8983,10:00～17:00(但し、入館は16:30まで),"http://www.kobe-meriken.or.jp/maritime-museum/
http://www.khi.co.jp/kaswasakiworld/",各線 元町駅より徒歩約15分 / 地下鉄海岸線 みなと元町駅より徒歩約10分,月曜日　(月曜日が祝日の場合は開館翌日振替休館),"神戸海洋博物館・カワサキワールド: 大人600円、小中学生250円
神戸ポートタワー共通入場券: 大人1000円、小中学生400円",無し（近隣に有料駐車場あり）,バリアフリートイレ<>エレベーターあり<>車椅子利用可能トイレ<>車椅子入場可
神戸市立須磨海づり公園,078-735-2907,http://www.umiduri.com/,コウベシリツ スマウミヅリコウエン,自然・生き物・アウトドア,スポーツ・レクリエーション,須磨・垂水・舞子,沖合い400メートルに突き出た釣台は、船釣り感覚で潮風に吹かれながら釣りを楽しむことができます。施設全体が大きな漁礁(魚の集まる場所)になっているので、四季を通じてさまざまな魚を釣ることができます。釣り台には一部(第3・4釣台)約80センチの柵を設置しているので、ご家族揃って、安心して釣りを楽しむことが出来ます。4月下旬から12月28日の期間は、大物釣りの醍醐味が味わえる「マダイの釣堀」を営業しています。,神戸市須磨区一の谷町5丁目地先,,須磨区,654-0076,34.634194,135.104515,078-735-2907,4月・11月6:00～18:00/ 5月平日6:00～18:00、土日祝6:00～19:30/6月平日6:00～18:00、土日祝6:00～20:00/7月～9月平日6:00～19:00、土日祝6:00～20:00/10月6:00～19:00/12月～3月7:00～17:00,http://www.umiduri.com/,山陽電車 須磨浦公園駅下車すぐ / JR 須磨駅下車西へ徒歩約15分,火(祝日は開園)、1月1日、7月21日～8月31日は無休,基本釣り料(4時間)　大人(16歳以上)￥1200、小人(6～15歳)￥700 / 入園料(見学の方)大人(16歳以上)￥200・小人(6～15歳)￥100,近隣に駐車場あり,盲導犬入場OK
神戸ワイナリー(農業公園),078-991-3911,http://www.kobewinery.or.jp,コウベワイナリー(ノウギョウコウエン),自然・生き物・アウトドア,体験・見学・クラフト,西神戸,"神戸市西区、見渡す限りのみどりに囲まれた小高い丘に、神戸市内で大切に育てられたぶどうが「神戸ワイン」に生まれ変わる場所、「神戸ワイナリー(農業公園)」があります。 
自然豊かな園内は、陶芸館やバーベキュー広場などあり、大人から子供まで楽しめるちょっとしたテーマパークのよう。神戸ワインと共に、ゆったりと楽しい時間を過ごせることでしょう。 
",神戸市西区押部谷町高和1557-1,,西区,651-2204,34.733184,135.037754,078-991-3911,9:00～17:00,http://www.kobewinery.or.jp,地下鉄西神山手線 西神中央駅より神姫バス20・75・80・81系統「農業公園」下車。27系統「神戸ワイナリー」下車　※土日祝日のみ運行,なし,入園料 無料,無料専用駐車場あり,介助犬入場OK<>盲導犬入場OK<>車椅子利用可能トイレ<>車椅子入場可
菊正宗酒造記念館,078-854-1029,http://www.kikumasamune.co.jp/kinenkan/,キクマサムネシュゾウキネンカン,酒蔵,,灘・東灘,"国指定の重要有形民俗文化財「灘の酒造り道具」を展示する唯一の施設。丹波杜氏秘伝の「生もと造り」を今に伝えるお酒の博物館です。 
搾りたての生酒をはじめ、いろいろなお酒の試飲が無料でできるので、じっくりお気に入りの一品を吟味することができます。",神戸市東灘区魚崎西町1-9-1,,東灘区,658-0026,34.708612,135.267888,078-854-1029,9:30～16:30 (入館は16:00まで),http://www.kikumasamune.co.jp/kinenkan/,阪神 魚崎駅より南へ徒歩10分 / 六甲ライナー 南魚崎駅より北へ徒歩2分,年末年始,入場、駐車場、きき酒など　無料,無料専用駐車場あり,車椅子入場可<>車椅子利用可能トイレ<>バリアフリートイレ<>その他
シューズプラザ,078-646-5266,http://www.shoesplaza.co.jp,シューズプラザ,ショッピングスポット,,兵庫（新開地）・新長田・長田,"シューズプラザは、ケミカルシューズ発祥の地・長田のシューズメーカー直売店が集結したファッションスポット。エレガントからカジュアルまで、豊富なバラエティのシューズを揃えています。
自分の足にぴったりのコンフォートシューズをオーダーメイドでき、足元からの健康づくりを応援します。",神戸市長田区細田町7-1-9,,長田区,653-0835,34.659205,135.144593,078-646-5266,10:00～19:00,http://www.shoesplaza.co.jp,各線 新長田駅より徒歩3分 / 山陽電鉄 西代駅より徒歩5分,水,無料,"近隣に駐車場あり（3,000円以上お買い上げのお客様に、1時間分の駐車券をサービス）",車椅子利用可能トイレ<>エレベーターあり<>車椅子入場可
鉄人28号　モニュメント,,http://www.kobe-tetsujin.com/,テツジン28ゴウ　モニュメント,アート・カルチャー,自然・生き物・アウトドア,兵庫（新開地）・新長田・長田,"JR新長田駅南側、若松公園内に設置されている、直立時の設定が18mにも及ぶ「鉄人28号」の巨大モニュメント。
神戸出身の漫画家、故・横山光輝さんの1956年の作品「鉄人28号」に登場するキャラクターを再現したものです。
新長田にゆかりの深い横山光輝さんの作品の魅力でまちを盛り上げようと、地元の商店街などが中心となって立ち上げられたNPO法人「神戸鉄人プロジェクト」が、震災復興と地域活性化のシンボルとしての期待を託し、作られました。
モニュメントの周囲は「鉄人広場」として整備されているほか、周辺の商店街には、同じく横山光輝さんの代表作である「三国志」を紹介する展示施設や作中に登場する武将の石像などが設置されています。
また鉄人28号モニュメント制作風景映像を流したり、鉄人28号関連展示やグッズ販売をする「KOBE鉄人三国志ギャラリー」もあります。",神戸市長田区若松町6-3 若松公園内,,長田区,653-0038,34.655583,135.143952,,-　(夜間ライトアップ:日没～21時半),http://www.kobe-tetsujin.com/,JR・市営地下鉄海岸線 新長田駅から西へ徒歩約5分,,,,
香雪美術館,078-841-0652,http://www.kosetsu-museum.or.jp/,コウセツビジュツカン,アート・カルチャー,文化,灘・東灘,朝日新聞創設者 村山龍平(香雪)による、日本・東洋美術のコレクションを収蔵する私立美術館。重文18点・重美22点を含む、絵画、書蹟、武具(刀剣・甲冑)、仏教美術、茶道具など幅広いジャンルの精髄を網羅。各回ごとにテーマを決め、毎年春・秋に展示公開しています。 また、明治・大正期に建てられた旧村山家住宅の(通常は非公開)洋館、日本館、茶室棟は、重要文化財にも指定されています。,神戸市東灘区御影郡家2-12-1,,東灘区,658-0048,34.723585,135.255889,078-841-0652,10:00～17:00 (入館は16:30まで),http://www.kosetsu-museum.or.jp/,阪急 御影駅より徒歩5分 / JR 住吉駅より徒歩15分,会期中無休,大人 ￥700(団体 ￥550 :20名様以上)/ 高・大学生 ￥450(団体 ￥350 :20名様以上)/ 小・中学生 無料　※特別展については、別途料金を定めます。,駐車場なし,
自然体感展望台 六甲枝垂れ,078-894-2281,http://www.rokkosan.com/view/,シゼンタイカンテンボウダイ　ロッコウシダレ,展望,アート・カルチャー,六甲山・摩耶山,"日本建築大賞など数々の受賞歴をもち、国内外で注目されている建築家三分一博志(さんぶいちひろし)により設計されました。 
「六甲山上に立つ一本の大きな樹」がコンセプトの展望台では、夏の天然氷と風を利用した「冷風体験」や冬の「樹氷観測」など、六甲山の四季折々の自然を体感できる様々な試みがなされています。 
また夜には、建物全体を覆う枝葉をイメージした檜のフレームに、1000万色以上の色彩表現が可能なLEDを照射する光の演出を実施しており、1000万ドルの夜景とももに、幻想的な光景が楽しめます。",神戸市灘区六甲山町五介山1877-9,,灘区,657-0101,34.764056,135.246728,078-894-2281,4月～1月中旬…10:00～21:00(最終受付20:30)  1月中旬～3月…10:00～18:00(最終受付17:30)  ※天候等により変更の場合あり。,http://www.rokkosan.com/view/,阪神 御影・JR 六甲道・阪急 六甲各駅から市バス<16>乗車(15～30分)<-六甲ケーブル下駅下車、六甲ケーブル乗車(約10分)<-六甲山上バス乗車(約11分)<-六甲ガーデンテラス下車,年中無休,大人　300円 / 小人(4歳～小学生)　200円,有料専用駐車場あり,
兵庫県公館,078‐341‐7711(代表) /公館事務室(内線6302) /閲覧事務室(内線2197),http://web.pref.hyogo.lg.jp/ac01/ac01_000000026.html,ヒョウゴケンコウカン,歴史,文化,北野・新神戸（市街地北部）,フランス・ルネサンス様式を持つこの建物は、建築家 山口半六の設計で、1902(明治35)年、4代目の県本庁舎として誕生しました。戦災により外壁を残して焼失しましたが、戦後2度の修復により明治の面影を色濃く残す兵庫県公館に生まれ変わって、100年以上にわたる兵庫県の歴史を見つめています。,神戸市中央区下山手通4-4-1,,中央区,650-0011,34.690965,135.184592,078‐341‐7711(代表) /公館事務室(内線6302) /閲覧事務室(内線2197),【県政資料館】月～金 9:00～17:00 / 土 10:00～16:00  【迎賓館(知事室、貴賓室など)】土曜のみ 10:00～16:00  ※平日に迎賓館の見学を希望される場合は、10名以上の団体でお申し込みいただきますと、案内対応いたします（ただし、行事等の都合でお断りさせていただく場合がありますのでご了承願います。）,http://web.pref.hyogo.lg.jp/ac01/ac01_000000026.html,地下鉄西神山手線 県庁前駅下車すぐ / JR・阪神 元町駅より北へ徒歩約5分,日 / 祝日 (土曜は開館:10:00～16:00),無料,駐車場なし,盲導犬入場OK<>エレベーターあり<>バリアフリートイレ<>車椅子入場可<>車椅子利用可能トイレ<>介助犬入場OK<>点字案内あり<>その他
絵葉書資料館,078-705-1512,http://www.ehagaki.org,エハガキシリョウカン,文化,歴史,須磨・垂水・舞子,「絵葉書資料館」は、館長が30年以上にわたり収集してきた膨大な絵葉書コレクションの一部を、一般公開している世界的にも珍しい資料館。所蔵品は、絵葉書だけで1万枚以上。日本手彩色・美術・木版、海外のグリーティングや珍品など、明治後期～大正・昭和はじめにかけての国内外コレクションを常設展示しています。また、ユニークな視点で絵葉書をピックアップする企画展も定期的に開催。絵葉書が今に伝える古き良き風景・風俗・文化を通して、歴史を再発見してみてください。,神戸市垂水区歌敷山1-7-20,,垂水区,655-0037,34.634998,135.041934,078-705-1512,木、金、土の11:00～17:30,http://www.ehagaki.org,山陽電鉄 霞ケ丘駅より北へ徒歩7分 / JR垂水 西口より、山陽バス1系統「愛徳学園前」下車徒歩3分,日～水,大人:300円(高校生以上)　小人:200円(小中学生),施設案内可<>荷物お預り可,
神戸スカイアドベンチャーすずらん,078-597-7027,http://www.k-skyadv.com/,コウベスカイアドベンチャースズラン,スポーツ・レクリエーション,,北神戸,地上7mに設置されたアスレチックは、大人でも足が震えるほどの恐怖感を味わえるので、ゴールしたときの喜びや達成感は日常では味わえない感動です。 子供たちには試行錯誤しながら自由な発想で渡っていく学びや、最近当たり前のように体験できなくなった「冒険」をリアルに味わう事ができます。家族やカップルで参加すれば、会話は増え、笑顔があふれます。予約制で企業研修やチームビルディングも体験でき、通常の研修では味わえない一体感やチームの成長を体感出来ます。,神戸市北区山田町小部字妙賀山11-1,,北区,651-1101,34.735203,135.162434,078-597-7027,9:00～18:00 最終予約受付 16:00 / 最終スタート 17:00 ※日没等により時間の変更あり,http://www.k-skyadv.com/,神戸電鉄 北鈴蘭台駅より徒歩15分,不定休。 ただし団体貸し切りやメンテナンスでご利用いただけない場合がございますので、電話でのご予約をおすすめします。,"大人3,500円 / こども(小学生以下)3,000円
※見学のみや、エレメントにチャレンジされない方の入場は無料です。",無料専用駐車場あり,
KOBE三国志ガーデン,078-612-3594,http://www.3594garden.com/,コウベサンゴクシガーデン,歴史,体験・見学・クラフト,兵庫（新開地）・新長田・長田,"江戸時代から日本人に人気が継続している三国志演義。
日本のエンタメ文化の中で独自に発展してきました。その日本的三国志演義のミュージアムです。 
三国志の物語を最初から最後まで約150シーン、2000体で表現した13m×2.6mある巨大ジオラマは必見。
その他、映画レッドクリフで使われた衣装や小道具の展示三国の成り立ちを簡単に紹介したオリジナルアニメや
武将の武器の重さや長さなどを体験したり衣装を着たり出来ます。 
神戸新長田は漫画家横山光輝氏の故郷として氏の代表的作品のひとつ三国志をテーマに街中が三国志になっています。ぜひ遊びにいらしてください。",神戸市長田区二葉町5丁目1-1　アスタくにづか5番館　2F,,長田区,653-0042,34.652406,135.148259,078-612-3594,10:00～17:30(入館は17:00まで),http://www.3594garden.com/,地下鉄海岸線　駒ヶ林駅　上ってすぐ。　JR新長田駅徒歩10分。阪神高速湊川IC　西に約3分,水曜日 ※体験館は平日休館(臨時で開ける場合も有)  ※交流館はイベント時のみ開館,【大　人】　一般:400円　(団体:300円)　【中高生】　一般:300円　(団体:200円)　【小学生】　一般:200円　(団体:100円),近隣に駐車場あり,エレベーターあり<>車椅子入場可
神戸アンパンマンこどもミュージアム&モール,078-341-8855,http://www.kobe-anpanman.jp/,コウベアンパンマンコドモミュージアム&モール,体験・見学・クラフト,,メリケンパーク・ハーバーランド,テレビアニメ「それいけ！アンパンマン」の世界を楽しめる施設。2階はアンパンマンの世界を見て・触れて楽しむ体験型のミュージアム、1階にはアンパンマンの限定グッズやキャラクターパンを販売するショップのほか、カフェ、レストラン、子供のヘアサロンなど20店舗が集まるショッピングモールがあります。館内をパトロールするアンパンマンやお散歩する仲間たちとふれあえたり、アンパンマンが登場するステージも毎日開催されています。,神戸市中央区東川崎町1-6-2,,中央区,650-0044,34.678526,135.184857,078-341-8855,2階ミュージアム　10:00～18:00(最終入館17:00)  1階ショッピングモール　10:00～19:00,http://www.kobe-anpanman.jp/,JR 神戸駅・神戸市営地下鉄海岸線 ハーバーランド駅より徒歩約8分　阪急・阪神・山陽 高速神戸駅より徒歩約10分,元日,"ミュージアム入館料　1,500円(税込)(1歳以上)　※1歳～小学生以下のお子様は入館記念品付き
※障がい者手帳をお持ちの方は手帳の提示で50%割引(つきそい1名まで)
*ショッピングモールは入場料無料",駐車場なし,介助犬入場OK<>盲導犬入場OK<>エレベーターあり<>バリアフリートイレ<>車椅子利用可能トイレ<>車椅子入場可
兵庫県立美術館王子分館（原田の森ギャラリー）,078-801-1591,http://hyogo-arts.or.jp/harada/,ヒョウゴケンリツビジュツカンオウジブンカン（ハラダノモリギャラリー）,アート・カルチャー,,灘・東灘,兵庫県立美術館王子分館 原田の森ギャラリーは、平成14年4月に兵庫県立美術館「芸術の館」がHAT神戸に開館されたことにより、旧・兵庫県立近代美術館を活用し、その分館という位置づけで、平成１４年１０月１日に貸しギャラリーとしてオープンしました。旧・兵庫県立近代美術館は、昭和４５年に県政１００周年記念事業として誕生したメモリアルな建物であるとともに、都道府県立近代美術館としては全国で２番目に開館した美術館であり、我が国を代表する建築家の村野藤吾の作品でもあります。,神戸市灘区原田通3丁目8-30,,灘区,657-0837,34.708481,135.213387,078-801-1591,10:00 - 18:00,http://hyogo-arts.or.jp/harada/,阪急電車　王子公園駅下車　西へ徒歩約6分,月曜休館（祝日の場合は翌火曜が休館）,催事ごとに設定,有り（31台・有料）,
横尾忠則現代美術館,078-855-5602,http://www.ytmoca.jp/,ヨコオタダノリゲンダイビジュツカン,アート・カルチャー,,灘・東灘,横尾忠則現代美術館は、兵庫県西脇市出身の美術家、横尾忠則からの寄贈・寄託作品を適切な環境で保管し、多くの人に鑑賞していただくため、兵庫県立美術館王子分館（旧兵庫県立近代美術館、村野藤吾設計）の西館をリニューアルし、2012年11月に開館いたしました。,神戸市灘区原田通3-8-30,,灘区,657-0837,34.708481,135.213387,078-855-5607,10:00 - 18:00（展覧会会期中の金・土は20時まで）※最終入場は閉館の30分前,http://www.ytmoca.jp/,阪急電車　王子公園駅下車　西へ徒歩約6分／JR灘駅下車北へ徒歩約10分,月曜日（祝日の場合は翌日）,展示会により異なる,共用駐車場あり（有料）,
六甲山スノーパーク,078-891-0366,http://www.rokkosan.com/ski/,ロッコウサンスノーパーク,スポーツ・レクリエーション,,六甲山・摩耶山,傾斜がゆるやかなゲレンデが子どもや初心者の練習にぴったりの「六甲山スノーパーク」。ペアリフトは親子で一緒に乗れるので、安心です。スキースクールでは指導員が丁寧に指導をしているので、スキーを基本から学んで、楽しく上達しましょう。平日はもちろん、土日祝でも22時まで滑走できるので、お仕事帰りの練習も可能。もちろんレンタルも充実しているので、道具を持っていなくても大丈夫。スキー板やボードだけでなく、ウエアや短い板の「ファンスキー」もレンタルしています。,神戸市灘区六甲山町北六甲4512-98,,灘区,657-0101,34.765445,135.244439,078-891-0366,"スキー 9：00 - 22：00
スノーボード 16：00 - 22：00※　※平日（12月25日～1月6日の間は除く）は9：00 - 22：00
スノーランド（雪ゾリ、雪あそび） 9:00 - 17:00",http://www.rokkosan.com/ski/,六甲山上バス　六甲山スノーパーク下車, ※冬季期間中無休,"デイタイムチケット 9:00～15:30 大人（中学生以上）2,100円 子ども（3歳～小学生）1,050円
ナイターチケット 16:00～21:30  大人（中学生以上）2,600円  子ども（3歳～小学生）1,550円
※デイタイムチケットはリフト料金別。22:00まで入園可能。",,
KOBE鉄人三国志ギャラリー,078-641-3594,https://www.kobe-tetsujin.com/gallery.html,コウベテツジンサンゴクシギャラリー,歴史,,兵庫（新開地）・新長田・長田,故横山光輝さんの資料を一堂に集めたギャラリーです。代表作「三国志」のパネルや諸葛孔明の等身大のフィギュア、鉄人28号モニュメントの原型展示のほか、江戸時代の浮世絵や「三国志大戦」カードの展示、鉄人モニュメント制作風景を映像で楽しめるコーナー、孔明等身大像の設置などがあります。オフィシャルグッズ販売も充実しています。,神戸市長田区二葉町6-1-13　アスタくにづか6番館東棟1,,長田区,653-0042,34.652148,135.14778,078-641-3594,10:00～17:30（売店営業は17時まで）,https://www.kobe-tetsujin.com/gallery.html,地下鉄海岸線　駒ヶ林駅徒歩2分、JR新長田駅徒歩9分,水曜日（祝日の場合は翌日）,無料,,
太山寺,078-974-0250,http://www.do-main.co.jp/taisanji/,タイサンジ,神社・仏閣・庭園,歴史,西神戸,本堂は神戸市内で唯一の国宝の建造物です。平面は密教本堂式と呼ばれる形態で、入母屋造、銅板葺きの造りになっています。桁行7間、梁間6間の大堂で、技法は和様を主としており、正面はすべて蔀戸を用いるなど、古い手法が守られています。ただ、唐様の木鼻をつけ、肘木の西側半分が唐様で、折衷形式を少し加えているのが特徴です。,神戸市西区伊川谷町前開224,,西区,651-2108,34.69658,135.067475,078-976-6658,8:30～17:00（12月から2月は16:30まで）,http://www.do-main.co.jp/taisanji/,神戸地下鉄名谷駅か伊川谷駅よりバス 太山寺下車,なし,300円（小学生以上）団体割引あり,無料駐車場有,
TENRAN CAFE,078-894-2088,http://www.rokkosan.com/cable/tenran_cafe/,テンランカフェ,展望,,六甲山・摩耶山,"標高約737mの六甲ケーブル六甲山上駅に隣接する「天覧台」にある山上のくつろぎカフェ。眼下に広がる阪神間の街並みを眺めながら、神戸ウォータのドリップコーヒーや地元の食材を使ったこだわりのメニューを味わえます。また夜には1,000万ドルの夜景をお酒と一緒に楽しめます。",神戸市灘区六甲山町一ヶ谷1-32,六甲ケーブル六甲山上駅すぐ,灘区,658-0101,34.752004,135.237451,078-891-1011,11:00～20:30（ラストオーダー食事19:30、喫茶20:00）,http://www.rokkosan.com/cable/tenran_cafe/,六甲ケーブル「六甲山上駅」すぐ、天覧台内,無休,,無料駐車場有（30台）,
アシックススポーツミュージアム,078-303-1329,http://corp.asics.com/jp/about_asics/museum,アシックススポーツミュージアム,体験・見学・クラフト,スポーツ・レクリエーション,ポートアイランド・六甲アイランド,「スポーツの進化を体感」いただく企業博物館です。トップ選手の使用したシューズなどを、選手のプロフィールと共に展示。トップアスリートの世界記録の凄さも体感していただけます。,神戸市中央区港島中町7丁目1-1,,中央区,650-8555,34.668785,135.215635,078-303-1329,10:00～17:00（16:30までにご入館下さい）,http://corp.asics.com/jp/about_asics/museum,JR「三ノ宮」駅、阪神・阪急「神戸三宮」駅・神戸市営地下鉄「三宮」駅乗り換えポートライナーで「中埠頭」駅下車徒歩約2分。※「北埠頭」行きにご乗車ください。,毎週日曜日、月曜日、祝日、夏季休暇、年末年始休暇,無料,自家用車等をご利用の場合ミュージアム専用の乗用車用駐車場はご用意しておりません。近在に有料駐車場はありますが、できるだけ公共の交通機関をご利用ください。,